Library,Species,Scientific name,Taxonomy,Age,Location,Num.indiv,Disease.status,Library.reads,Halobacterium,Halococcus,Candidatus Nitrosocosmicus,Abditibacterium,Holophaga,Acidimicrobium,Aciditerrimonas,Iamia,Ilumatobacter,Candidatus Microthrix,Actinomyces,Schaalia,Antricoccus,Klenkia,Jatrophihabitans,Kineococcus,Pseudokineococcus,Streptacidiphilus,Streptomyces,Trichotomospora,Brevibacterium,Actinotalea,Cellulomonas,Oerskovia,Sediminihabitans,Demequina,Brachybacterium,Dermacoccus,Flexivirga,Leekyejoonella,Janibacter,Knoellia,Tetrasphaera,Amnibacterium,Clavibacter,Curtobacterium,Labedella,Leucobacter,Microbacterium,Pseudoclavibacter,Schumannella,Arthrobacter,Micrococcus,Rothia,Isoptericola,Sanguibacter,Actinoplanes,Dactylosporangium,Corynebacterium,Gordonia,Lawsonella,Mycobacterium,Mycolicibacter,Mycolicibacterium,Rhodococcus,Williamsia,Nakamurella,Kribbella,Aeromicrobium,Friedmanniella,Marmoricola,Nocardioides,Cutibacterium,Microlunatus,Propionibacterium,Actinomycetospora,Actinophytocola,Amycolatopsis,Pseudonocardia,Nonomuraea,Actinoallomurus,Atopobium,Olsenella,Thermophilibacter,Collinsella,Enorma,Slackia,Nitriliruptor,Rubrobacter,Conexibacter,Solirubrobacter,Armatimonas,Bacillus,Halolactibacillus,Lysinibacillus,Paenibacillus,Pasteuria,Sporosarcina,Jeotgalicoccus,Macrococcus,Mammaliicoccus,Staphylococcus,Carnobacterium,Catellicoccus,Enterococcus,Vagococcus,Dellaglioa,Lactobacillus,Latilactobacillus,Leuconostoc,Weissella,Lactococcus,Streptococcus,Butyricicoccus,Candidatus Arthromitus,Clostridium,Lactonifactor,Alkalibacter,Anaerofustis,Eubacterium,Intestinibacillus,Anaerovorax,Anaerostipes,Blautia,Caecibacterium,Catenibacillus,Enterocloster,Robinsoniella,Sporobacterium,Tyzzerella,Agathobaculum,Anaerofilum,Anaerotruncus,Angelakisella,Drancourtella,Ethanoligenens,Faecalibacterium,Flavonifractor,Fournierella,Gorbachella,Lawsonibacter,Neglectibacter,Neobittarella,Oscillibacter,Oscillospira,Pseudoflavonifractor,Ruminiclostridium,Ruminococcus,Subdoligranulum,Clostridioides,Peptacetobacter,Peptostreptococcus,Evtepia,Gemmiger,Intestinimonas,Gelria,Thomasclavelia,Faecalicoccus,Megamonas,Sporomusa,Veillonella,Anaerococcus,Negativibacillus,Bacteroides,Mediterranea,Phocaeicola,Coprobacter,Dysgonomonas,Butyricimonas,Porphyromonas,Hallella,Paraprevotella,Prevotella,Alistipes,Parabacteroides,Chitinophaga,Ferruginibacter,Flavihumibacter,Flavisolibacter,Niabella,Niastella,Parafilimonas,Terrimonas,Candidatus Amoebophilus,Algoriphagus,Cytophaga,Spirosoma,Flexithrix,Ohtaekwangia,Adhaeribacter,Hymenobacter,Dyadobacter,Brumimicrobium,Fluviicola,Aequorivita,Capnocytophaga,Coenonia,Flavobacterium,Lutibacter,Myroides,Psychroserpens,Chryseobacterium,Cloacibacterium,Empedobacter,Ornithobacterium,Haliscomenobacter,Lewinella,Membranihabitans,Mucilaginibacter,Pedobacter,Solitalea,Sphingobacterium,Bdellovibrio,Campylobacter,Helicobacter,Candidatus Saccharimonas,Neochlamydia,Simkania,Roseiflexus,Dehalococcoides,Nostoc,Rivularia,Spirirestis,Tolypothrix,Microcoleus,Oscillatoria,Phormidium,Pleurocapsa,Deinococcus,Thermus,Cetobacterium,Fusobacterium,Ilyobacter,Leptotrichia,Oceanivirga,Streptobacillus,Gemmatimonas,Asteroleplasma,Mycoplasma,Mycoplasmopsis,Mycoplasmoides,Cystobacter,Haliangium,Nannocystis,Phaselicystis,Byssovorax,Chondromyces,Polyangium,Nitrospira,Candidatus Kuenenia,Phycisphaera,Tepidisphaera,Gemmata,Zavarzinella,Aquisphaera,Isosphaera,Singulisphaera,Tundrisphaera,Blastopirellula,Pirellula,Rhodopirellula,Planctomicrobium,Planctomyces,Schlesneria,Brevundimonas,Phenylobacterium,Aurantimonas,Bosea,Devosia,Rhodoplanes,Methylobacterium,Bradyrhizobium,Aliihoeflea,Mesorhizobium,Agrobacterium,Rhizobium,Sinorhizobium,Albirhodobacter,Amaricoccus,Paenirhodobacter,Paracoccus,Jannaschia,Roseovarius,Acidisoma,Geminicoccus,Thalassospira,Qipengyuania,Novosphingobium,Sphingobium,Sphingomonas,Sphingopyxis,Alcaligenes,Acidovorax,Comamonas,Curvibacter,Delftia,Polaromonas,Pseudorhodoferax,Variovorax,Janthinobacterium,Massilia,Ideonella,Methylibium,Roseateles,Parasutterella,Sutterella,Rhizobacter,Aeromonas,Oceanimonas,Oceanisphaera,Anaerobiospirillum,Pseudoalteromonas,Cardiobacterium,Suttonella,Ignatzschineria,Rheinheimera,Thiorhodospira,Budvicia,Citrobacter,Enterobacter,Escherichia,Klebsiella,Kluyvera,Raoultella,Salmonella,Shigella,Buchnera,Erwinia,Rosenbergiella,Hafnia,Morganella,Photorhabdus,Proteus,Pectobacterium,Rahnella,Serratia,Yersinia,Legionella,Acinetobacter,Alkanindiges,Moraxella,Psychrobacter,Steroidobacter,Marinicella,Halomonas,Marinomonas,Oleiphilus,Mergibacter,Spirabiliibacterium,Pseudomonas,Salinisphaera,Vibrio,Rhodanobacter,Stenotrophomonas,Brachyspira,Treponema,Bilophila,Desulfovibrio,Mailhella,Sphaerobacter,Opitutus,Luteolibacter,Verrucomicrobium,Arthothelium,Neofusicoccum,Cladosporium,Hormonema,Sydowia,Aureobasidium,Arthrographis,Kirschsteiniothelia,Anisomeridium,Arxiella,Leptodiscella,Exopassalora,Mycosphaerella,Pseudocercospora,Ramularia,Rhachisphaerella,Zasmidium,Zymoseptoria,Neodevriesia,Acrodontium,Capnobotryella,Devriesia,Hortaea,Stenella,Teratosphaeria,Myriangium,Neophaeotheca,Arthopyrenia,Leucaenicola,Biatriospora,Coniothyrium,Corynespora,Dictyosporium,Neodendryphiella,Ascochyta,Boeremia,Calophoma,Epicoccum,Phoma,Stagonosporopsis,Bimuria,Paraconiothyrium,Paraphaeosphaeria,Plenodomus,Helminthosporium,Massarina,Pseudodidymosphaeria,Camposporium,Nigrograna,Periconia,Didymocyrtis,Parastagonospora,Phaeosphaeria,Alternaria,Curvularia,Drechslera,Exserohilum,Pyrenophora,Stemphylium,Preussia,Sporormiella,Lepidosphaeria,Neoroussoella,Parathyridaria,Roussoella,Torula,Cheiromyces,Clavariopsis,Ochrocladosporium,Pseudopassalora,Wettsteinina,Acanthostigmella,Wiesneriomyces,Pseudosigmoidea,Scolecobasidium,Venturia,Didymocrea,Zopfia,Scleroramularia,Zeloasperisporium,Microxiphium,Cyphellophora,Cladophialophora,Exophiala,Rhinocladiella,Knufia,Trichomerium,Aspergillus,Penicillium,Thysanophora,Paecilomyces,Blastomyces,Histoplasma,Ctenomyces,Microsporum,Trichophyton,Gymnoascus,Malbranchea,Chrysosporium,Shanorella,Sclerococcum,Pyxidiophora,Amandinea,Buellia,Physcia,Micarea,Bacidina,Toninia,Lepraria,Neofitzroyomyces,Placynthium,Pertusaria,Caloplaca,Dufourea,Sirenophila,Tarasginia,Xanthoria,Erysiphe,Podosphaera,Amorphotheca,Infundichalara,Hyaloscypha,Mollisia,Venustampulla,Lanzia,Botrytis,Tricladium,Oidiodendron,Geomyces,Pseudogymnoascus,Scytalidium,Hyalorbilia,Ascobolus,Peziza,Candida,Debaryomyces,Hyphopichia,Meyerozyma,Priceomyces,Schwanniomyces,Spathaspora,Wickerhamia,Wickerhamomyces,Pichia,Citeromyces,Nakaseomyces,Saccharomyces,Torulaspora,Zygotorulaspora,Hanseniaspora,Blastobotrys,Trichomonascus,Starmerella,Cephalotheca,Phialemonium,Chaetosphaeria,Chloridium,Ellisembia,Pseudolachnea,Coniochaeta,Conioscypha,Harzia,Melanospora,Microthecium,Diaporthe,Mazzantia,Ophiodiaporthe,Coniella,Phomopsis,Valseutypella,Plagiascoma,Colletotrichum,Allomusicillium,Gibellulopsis,Plectosphaerella,Stachylidium,Clonostachys,Geosmithia,Hydropisphaera,Ijuhya,Paracylindrocarpon,Paragliomastix,Protocreopsis,Stilbocrea,Verrucostoma,Waltergamsia,Chrysonectria,Aschersonia,Claviceps,Metapochonia,Metarhizium,Nigelia,Pochonia,Samuelsia,Sungia,Akanthomyces,Beauveria,Blackwellomyces,Cordyceps,Hevansia,Simplicillium,Hypomyces,Sphaerostilbella,Trichoderma,Corinectria,Cylindrocladiella,Cylindrodendrum,Cylindromonium,Dactylonectria,Dialonectria,Fusarium,Fusicolla,Gliocephalotrichum,Ilyonectria,Lasionectria,Macroconia,Mariannaea,Murinectria,Nectria,Neonectria,Rodentomyces,Sarcopodium,Stephanonectria,Thelonectria,Thyronectria,Volutella,Neoacremonium,Monocillium,Niesslia,Ophiocordyceps,Tolypocladium,Trichosphaerella,Sarocladium,Alfaria,Alfariacladiella,Grandibotrys,Memnoniella,Myrothecium,Myxospora,Sirastachys,Stachybotrys,Septofusidium,Valsonectria,Acremonium,Chlamydocillium,Eucasphaeria,Fusariella,Trichothecium,Xenodactylaria,Endoconidiophora,Ascosacculus,Lignincola,Neptunella,Acaulium,Cephalotrichum,Doratomyces,Kernia,Microascus,Parascedosporium,Pithoascus,Scopulariopsis,Trichurus,Wardomyces,Basipetospora,Aureovirgo,Fragosphaeria,Ophiostoma,Sporothrix,Adelosphaeria,Phaeoisaria,Pleurotheciella,Chaetomium,Dichotomopilus,Humicola,Mycothermus,Trichocladium,Zopfiella,Fimetariella,Cladorrhinum,Podospora,Schizothecium,Papulaspora,Ramophialophora,Vermiculariopsiella,Amphisphaeria,Arthrinium,Eutypa,Eutypella,Peroneutypa,Gyrothrix,Iodosphaeria,Idriella,Microdochium,Bartalinia,Discosia,Morinia,Pestalotiopsis,Zetiasplozna,Nemania,Rosellinia,Xylaria,Zygosporium,Hansfordia,Libertella,Oxydothis,Phomatospora,Rhamphoria,Sporidesmium,Thyridium,Bullimyces,Canalisporium,Distoseptispora,Oncopodiella,Triadelphia,Protomyces,Taphrina,Bactrodesmium,Lylea,Solicorynespora,Agaricus,Coprinus,Leucocoprinus,Macrolepiota,Montagnea,Bolbitius,Conocybe,Lepista,Clitopilus,Entoloma,Rhodocybe,Laccaria,Gymnopus,Calyptella,Coprinellus,Coprinopsis,Radulomyces,Galerina,Pholiota,Lachnella,Fibularhizoctonia,Auricularia,Basidiodendron,Ceratosebacina,Eichleriella,Exidia,Myxarium,Botryobasidium,Botryohypochnus,Rhizoctonia,Thanatephorus,Tulasnella,Minimedusa,Sistotrema,Coltricia,Hyphodontia,Schizopora,Xylodon,Resinicium,Hyphoderma,Wolfiporia,Dichomitus,Hornodermoporus,Lopharia,Perenniporia,Polyporus,Auriscalpium,Scytinostroma,Peniophora,Stereum,Porpomyces,Trechispora,Kondoa,Infundibura,Cystobasidium,Symmetrospora,Dacrymyces,Tilletiopsis,Exobasidium,Pseudomicrostroma,Malassezia,Leucosporidium,Rhodotorula,Sporobolomyces,Pseudohyphozyma,Melampsora,Uredinopsis,Hamaspora,Phragmidium,Uromycladium,Ceratocoma,Cumminsiella,Puccinia,Uromyces,Pucciniastrum,Cystofilobasidium,Tausonia,Filobasidium,Solicoccozyma,Bullera,Dioszegia,Vishniacozyma,Cryptococcus,Papiliotrema,Sirobasidium,Tremella,Saitozyma,Apiotrichum,Trichosporon,Farysia,Schizonella,Ustilago,Wallemia,Rhizidium,Nowakowskiella,Rhizophlyctis,Nosema,Vairimorpha,Pleistophora,Trachipleistophora,Vavraia,Tubulinosema,Alternosema,Endoreticulatus,Microsporidium,Nematocida,Entomortierella,Gryganskiella,Linnemannia,Lunasporangiospora,Mortierella,Podila,Backusella,Absidia,Helicostylum,Mucor,Parasitella,Pilaira,Pirella,Umbelopsis,Basidiobolus,Conidiobolus,Batkoa,Entomophthora,Pandora,Zoophthora,Piptocephalis,Syncephalis,Cryptosporidium,Atoxoplasma,Eimeria,Isospora,Gregarina,Denticula,Hantzschia,Nitzschia,Eucocconeis,Cymbella,Planothidium,Neidium,Pinnularia,Amphora,Asterionella,Fragilaria,Thaumatomonas,Rhogostoma,Cercomonas,Paracercomonas,Bodomorpha,Proleptomonas,Rosculus,Mesofila,Kraken,Colpoda,Platyophryides,Mykophagophrys,Pseudoplatyophrya,Pseudocohnilembus,Epistylis,Opisthostyla,Pseudovorticella,Euplotes,Tachysoma,Pseudokahliella,Hemicycliostyla,Anteholosticha,Pseudourostyla,Extraholosticha,Bistichella,Platyamoeba,Cochliopodium,Acanthamoeba,Sappinia,Thecamoeba,Bodo,Dimastigella,Rhynchomonas,Neobodo,Rhynchobodo,Parabodo,Angomonas,Crithidia,Kentomonas,Lafontella,Leptomonas,Phytomonas,Trypanosoma,Dictyostelium,Diderma,Didymium,Badhamia,Physarum,Comatricha,Stemonaria,Stemonitis,Arcyria,Metatrichia,Allovahlkampfia,Naegleria,Paravahlkampfia,Albugo,Salilagenidium,Perofascia,Peronospora,Phytophthora,Pseudoperonospora,Globisporangium,Phytopythium,Pythium,Aphanomyces,Haptoglossa,Pentatrichomonas,Tetratrichomonas,Simplicimonas,Tritrichomonas,Eucheuma,Rufusia,Echinamoeba,Cryptodifflugia,Flabellula,Blastocystis,Spumella,Paraphysomonas,Ascophyllum,Nuclearia,Colpodella
BM1,Black robin,Petroica traversi,Passeriformes,Adult,Mangere,16,Wild/unknown,73434233,0,9.47,223.58,0,0,0,0,0,0,0,6.15,0,0,0,0,0,0,0,10.67,11.49,0,0,0,106.83,0,0,0,7.14,0,0,0,0,0,0,19.2,0,0,0,17.56,0,0,0,60.79,32.06,0,0,0,0,0,0,0,63.48,0,89.78,0,0,0,0,0,0,6.85,77.68,10.15,10.08,459.06,0,0,0,0,0,0,0,0,0,0,0,0,0,0,0,0,0,10.91,0,0,0,3.55,0,0,0,0,12.22,0,0,22.63,0,0,0,5.27,0,0,0,36.44,0,0,3377.08,0,0,0,0,0,0,0,0,0,0,0,0,0,0,0,0,0,0,0,0,0,0,0,0,0,0,0,0,0,0,0,5.51,0,0,0,0,0,0,0,0,0,0,0,0,0,0,0,0,0,0,0,0,0,0,0,0,0,0,0,0,11.79,0,0,0,0,0,24.58,0,5.82,0,0,0,0,0,21.26,15.83,0,6.54,0,0,0,21.25,0,0,0,7.85,0,0,0,0,0,0,0,0,0,22.35,0,1208.86,0,0,0,0,0,0,0,0,23.33,0,0,0,0,0,43.55,19.53,0,0,0,5.01,0,0,0,0,0,16.9,0,6.19,0,0,0,0,0,0,10.13,0,28.41,0,297.76,67.38,0,0,658.27,0,22.53,173.08,8.42,0,648.6,0,5.9,0,0,0,0,0,0,36.38,0,0,0,0,77.15,0,0,13.39,0,0,0,0,0,0,0,0,0,0,0,0,0,0,0,0,0,0,0,0,0,0,0,0,0,0,0,0,0,0,0,0,0,0,0,0,0,0,0,7.62,251.34,0,0,0,15.64,0,0,0,0,0,0,0,0,0,0,0,0,0,0,0,0,11.41,0,0,0,0,0,0,0,14.51,0,0,0,0,0,0,0,0,0,0,0,0,0,0,0,231.96,0,0,32.13,0,0,0,0,0,0,0,0,0,39.21,0,0,15.37,0,0,0,38.06,0,0,0,0,0,0,0,0,0,0,0,5.62,0,0,0,6.67,0,0,0,0,0,0,0,0,8.26,8.48,0,0,0,0,25.69,0,0,0,0,0,0,0,0,0,0,0,0,0,0,89.76,0,0,0,0,0,0,0,10.03,0,0,0,0,0,0,263.86,0,9.19,0,738.97,1125.81,0,0,0,38.98,0,0,60.9,0,0,0,0,0,0,0,0,0,0,0,0,0,0,0,0,0,0,0,0,0,0,0,0,0,0,36.21,0,0,0,0,0,0,0,0,0,0,0,0,0,52.94,12.77,0,0,0,0,4.78,19.02,4.51,0,32.97,76.74,0,8.7,3.61,0,0,0,15.43,0,0,204.26,0,0,0,0,0,0,19.11,0,0,0,47.71,0,0,14.55,0,0,80.96,0,0,0,0,0,0,0,0,0,0,0,0,0,0,0,8.87,0,0,0,0,0,20.57,0,0,0,0,0,0,20.21,0,0,66.05,0,0,0,186.44,0,0,0,0,5.04,0,0,63.05,100.36,0,0,7.35,0,0,0,0,0,28.56,0,209.94,0,0,19.87,0,6.75,14.95,29.09,6.53,17.46,0,0,0,63.17,0,0,11.13,78.91,21.87,0,0,0,0,0,0,0,0,0,0,24.06,5.68,9.43,0,0,0,0,0,0,40.7,0,16.34,0,0,0,0,53.04,0,0,0,0,0,0,0,0,0,0,0,0,0,0,13.36,21.3,0,0,0,0,0,0,12.69,0,0,6.3,0,0,0,9.82,8.51,0,10.88,0,0,0,8.05,0,0,0,0,0,0,0,26.94,0,0,0,0,0,0,0,0,0,20.54,0,0,0,35.95,0,0,0,0,0,5.14,0,0,0,0,0,0,0,63.2,0,7.28,0,0,0,0,0,0,0,0,0,0,0,0,0,13,0,0,0,0,0,4.96,0,0,0,7.79,0,0,0,0,1362.06,0,0,0,0,3.23,0,0,0,0,0,0,10.21,0,0,36.86,0,0,0,0,11.13,23.61,0,50.69,0,0,0,0,0,47.7,0,0,135.84,0,0,0,32184.05,392.16,0,0,0,0,0,0,0,0,0,0,5.12,0,4.95,19.29,0,0,0,43.52,0,0,0,0,0,0,0,8.15,0,0,0,0,0,0,0,0,0,0,0,0,0,0,0,0,0,0,0,0,9.81,0,55.4,0,0,11.99,0,0,0,0,43.88,0,0,0,0,0,0,0,0,0,0,0,0,0,40.51,0,0,0,36.29,0,91.05,30.25,129.79,309.8,14.85,165.37,0,0,0,0,0,0,0,0,0,21.56,0,6.89,0,27.4,0,27,0,183.3,0,0,12.81,0,0,7.2,988.02,24.81,4.42,0,0,0,0,0,0,0,0,0,0,18.45,183.28,0,0,0,0,9.08,0,0
BM2,Black robin,Petroica traversi,Passeriformes,Young,Mangere,11,Wild/unknown,56965566,306.46,83.7,0,0,0,34.03,0,24.29,0,0,0,0,0,0,0,0,0,0,75.67,0,0,0,3.02,64.83,6.05,7.9,10.97,4.72,0,0,0,0,28.25,0,15.47,0,0,0,1370.16,0,17,0,0,0,252.8,27,0,0,5.39,0,0,0,0,15.56,3.45,110.06,0,0,0,22.87,0,37.86,0,4.45,15.91,0,0,0,9.89,0,0,0,0,0,0,0,0,0,0,0,0,0,0,0,0,0,0,0,0,0,0,14.33,0,0,0,0,0,0,0,0,0,4.77,0,0,0,0,0,0,0,0,0,0,0,0,0,0,0,0,0,0,0,0,0,0,0,0,0,0,0,0,0,0,0,0,0,0,0,0,0,0,0,0,0,0,0,0,0,0,0,0,0,0,0,0,0,0,0,0,0,0,0,0,0,0,0,0,0,0,0,0,0,0,0,0,0,0,0,0,0,0,0,0,0,0,0,0,0,45.39,0,0,0,0,0,0,0,29.68,0,0,0,0,0,0,0,0,0,0,0,0,0,0,0,0,0,0,0,10.21,0,0,0,0,0,0,0,0,0,0,0,0,0,8660.87,0,0,0,0,0,124.13,42.74,11.26,0,0,0,0,0,0,0,0,102.64,0,0,10.99,13.02,0,111.1,0,0,0,0,0,0,0,0,16.16,0,0,0,0,0,0,0,0,0,0,0,0,0,0,0,0,0,4.91,0,0,0,0,0,0,0,0,0,0,0,0,0,0,0,0,0,0,0,0,0,0,0,0,0,0,0,0,0,0,0,0,0,0,0,0,0,0,0,0,0,0,0,0,0,0,0,0,0,0,8.36,6.26,0,0,0,0,0,0,0,9.18,21.42,0,0,0,0,0,0,0,0,0,0,0,0,0,0,240.73,0,0,0,0,0,11.5,0,0,0,0,0,0,128.46,0,0,0,0,0,0,10.31,0,0,21.8,0,0,0,9.97,0,0,0,0,14,0,0,0,131.51,0,0,0,0,0,0,0,0,0,9.87,0,8.68,0,7.24,0,0,0,0,0,0,0,0,0,0,31.3,7.67,0,0,0,37.33,0,0,0,0,0,0,0,42.68,0,0,0,0,0,0,0,8.81,0,0,589.78,567.69,0,0,0,0,0,0,17.79,0,6.6,0,0,0,0,0,0,0,0,0,0,0,0,12.85,0,0,0,0,0,0,0,7.61,0,0,0,17.04,0,0,0,0,0,0,0,0,0,0,0,0,0,0,0,0,0,0,0,0,0,23.51,0,0,0,0,0,21.76,0,0,0,0,0,0,0,0,0,5.85,0,0,0,82.23,6.21,0,0,104.27,34.98,0,0,0,0,0,0,0,0,0,0,0,0,0,0,0,0,0,0,266.76,0,0,0,0,0,0,0,8.95,0,0,0,0,0,0,9.34,0,0,0,0,0,0,580.06,0,0,0,0,0,10.56,0,0,0,0,0,0,0,0,0,0,0,0,0,0,0,0,0,0,0,0,0,0,0,0,0,0,9.75,0,0,0,0,0,0,0,0,0,0,0,0,0,0,0,0,0,0,0,0,0,0,0,0,0,0,0,0,0,0,0,0,0,0,0,0,27.93,0,298.29,0,0,0,0,0,0,0,0,55.99,0,0,0,0,0,0,23.47,0,0,0,0,0,0,0,0,0,0,0,0,0,0,0,0,0,0,0,0,0,0,0,0,0,0,0,0,0,0,0,0,0,0,8.9,0,0,0,0,0,0,0,0,0,0,0,0,0,0,0.32,0,148.56,0,0,0,0,0,0,0,0,0,0,0,0,0,0,0,0,0,0,0,0,35.63,0,38.05,0,0,0,0,0,336.63,0,0,0,0,0,0,0,0,0,0,0,0,0,0,0,0,0,0,0,0,0,0,0,0,0,0,0,0,0,0,0,0,0,0,0,675.05,0,0,0,0,0,0,0,0,0,4.81,0,0,0,83.64,0,0,20.74,0,0,0,0,0,0,0,0,0,83823.08,0,0,0,0,0,0,0,0,0,0,0,0,0,0,0,0,0,0,0,0,0,0,0,0,0,0,0,0,0,0,0,0,0,0,0,0,0,0,0,84.99,0,0,0,0,0,0,0,0,0,0,0,17.08,0,76.58,66.08,0,0,0,0,0,0,0,0,0,0,0,0,0,0,0,0,0,0,62.12,0,0,0,0,0,0,41.02,0,0,0,0,0,0,0,0,0,0,0,0,0,0,0,0,0,0,0,0,0
BR1,Black robin,Petroica traversi,Passeriformes,Adult,Rangatira,16,Wild/unknown,68023354,0,9.46,1342.1,0,71.16,0,0,0,0,7.65,0,0,0,0,0,0,0,16.33,243.67,20.27,9,0,8.63,722.47,0,0,0,0,138.01,0,0,0,8.7,0,415.07,0,0,7.7,0,0,0,0,14.41,58.87,0,0,55.07,0,0,0,0,267.04,0,66.07,8.38,0,8.86,13.69,5.7,8.96,5.7,30.22,0,40.97,25.98,0,4.66,0,7.64,0,0,0,0,0,0,0,0,0,0,0,0,0,78.95,0,0,27.99,55,0,0,0,6.89,0,0,11.59,21.95,0,0,0,0,0,0,0,27.74,0,0,19.22,0,0,0,0,0,0,0,0,0,0,0,0,0,0,0,0,0,0,0,0,0,0,0,0,0,0,0,0,0,0,0,0,0,0,0,0,0,0,0,46.77,0,0,0,0,0,0,0,0,0,0,0,0,0,0,0,0,0,0,0,0,50.71,0,4.17,0,51.29,6.34,15.82,38.61,0,5.91,0,0,0,0,7.53,0,0,8.09,0,0,0,64.98,0,0,0,15.95,0,0,0,5.28,0,0,0,0,0,16.43,0,0,0,0,0,12.92,0,0,0,0,0,0,0,0,0,0,20.27,0,0,0,0,6.98,0,0,21.9,0,0,0,0,0,0,0,13.56,0,560.98,3.85,38.75,0,96.37,53.83,1067.17,89.62,8.92,243.78,4222.23,0,71.93,916.39,31.47,0,744.65,35.64,0,165.97,0,0,5.32,0,0,360.21,0,0,0,65.22,129.6,0,0,0,0,0,0,0,13.64,0,0,5.97,0,16.07,0,0,0,17.33,0,0,0,0,0,0,0,0,0,7.74,0,0,0,0,0,0,0,0,0,0,0,0,14.68,0,0,0,0,0,0,0,0,0,0,0,0,0,0,0,0,0,0,0,0,0,0,0,0,0,0,0,0,0,0,0,0,23.66,0,0,0,0,0,0,0,0,0,64.9,0,0,0,0,19.18,545,0,0,0,29.03,0,0,0,0,0,0,0,0,0,0,3.02,14.91,0,0,0,24.28,0,0,0,0,0,14.08,0,30.84,14.97,0,0,5.64,184.46,0,0,14.57,0,0,0,0,0,0,0,0,5.92,0,18.8,5.83,0,0,204.22,0,0,0,0,119.45,0,0,0,10.44,0,6.8,0,0,0,0,0,24.44,0,0,0,0,0,20.73,0,0,7.11,0,5.91,0,5518.3,0,14.42,0,2528.91,1108.25,0,0,306.73,53.42,0,23.34,646.97,0,149.5,0,0,0,17.66,0,0,0,0,0,0,0,0,0,0,0,0,0,0,0,19.46,0,4.03,12.46,0,992.36,0,0,20.18,56.81,315.4,211.4,8.28,33.01,0,0,0,0,0,30.66,0,0,0,0,0,0,0,0,0,0,0,0,0,0,0,0,127.36,9.61,0,0,0,10.96,37.46,0,1896.91,15.12,18.88,14.27,0,0,0,10.89,0,0,7.54,0,0,264.42,0,10.37,0,0,6.02,0,0,0,16.42,0,0,0,0,0,0,132.12,0,20.98,0,0,64.77,0,0,42.77,0,68.52,0,0,39.94,10.99,0,0,0,0,7.69,1003.27,0,11.36,79.61,0,0,5.05,0,33.53,0,0,0,29.37,0,14.26,21.12,0,0,8.57,0,0,0,6.47,0,0,0,40.98,0,31.38,0,0,0,0,121.04,0,0,312.47,9.11,0,0,64.63,16.1,0,0,54.81,19.42,0,0,15.52,0,0,0,0,0,39.2,0,0,30.34,0,0,81.06,0,0,0,10.37,0,0,12.89,0,109.96,0,0,0,35.39,0,0,0,0,0,77.67,0,60.77,7.19,0,3.93,0,133.52,13.31,0,0,13.03,0,23.32,0,0,0,0,5.49,0,0,0,0,0,82,0,0,0,11.22,72.16,0,0,0,16.61,0,0,11.23,0,18.53,0,0,0,0,0,97.33,0,12.85,0,41.78,0,0,0,103.07,0,42.37,12.09,0,0,0,269.53,0,22.72,0,32.2,0,0,0,0,0,19.47,0,0,0,0,0,0,0,0,0,8.05,0,25.24,0,0,0,0,0,0,0,0,1516.44,0,0,0,0,0,0,0,0,0,0,0,0,0,0,0,0,0,11.89,0,0,7.39,3.46,16.96,0,0,0,50.75,70.69,8.3,0,0,5.08,0,0,7.78,0,0,0,0,4.14,159.14,0,0,0,0,329.91,0,28.85,0,2388.39,252.4,0,0,0,40.15,0,0,0,7.56,0,0,33.28,0,0,0,0,44.71,0,0,12.97,6.25,0,0,0,0,0,0,48.52,0,0,0,0,0,0,0,51.68,29.12,18.84,0,95.69,0,23.02,0,0,9.53,0,0,0,0,0,0,16.06,0,43.63,0,16.74,36.63,0,0,27.41,7.03,62.84,0,178.26,336.16,0,1019.35,327.65,165.12,0,0,0,0,0,0,0,0,49.7,154.22,134.11,20.98,102.56,23.5,33.77,0,0,135.16,67.4,0,118.95,0,0,0,405.26,0,0,0,67.36,49.63,0,0,0,0,0,0,49.93,0,0,0,0,15.65,0,0,0,18.81
BR2,Black robin,Petroica traversi,Passeriformes,Adult,Rangatira,16,Wild/unknown,81211819,0,0,414.7,0,0,0,0,0,0,0,0,0,0,0,0,6.49,0,0,132.82,28.97,0,0,0,384.77,0,0,0,0,0,0,0,74.23,0,0,833.47,6.3,0,0,35.53,0,0,0,116,63.57,0,0,19.04,0,0,0,0,82.04,0,185.88,0,0,9.72,5.15,6.98,109.55,0,85.21,0,26.58,44.98,0,0,0,7.97,0,0,0,0,0,0,0,0,0,0,0,0,0,9.91,0,0,0,0,0,0,0,0,104.07,0,0,0,0,0,5.43,91.66,0,0,0,0,0,0,0,0,0,0,0,0,0,0,0,0,0,0,0,0,0,0,0,0,0,0,0,0,0,0,0,0,0,0,0,0,0,0,0,0,0,0,0,0,0,0,0,0,0,0,0,0,0,0,0,0,0,0,0,0,0,0,0,0,0,0,0,0,0,0,0,32.33,14.29,0,0,0,0,23.7,0,0,0,8.47,16.41,0,0,10.67,0,0,0,0,0,0,32.54,0,0,0,0,10.63,0,6.2,0,0,33.6,0,0,0,0,8.8,22.04,0,0,0,0,0,0,0,0,0,0,0,0,0,0,0,9.01,0,0,0,0,0,0,0,0,0,0,6.52,0,0,4.59,23.6,0,34.44,0,649.76,71.72,0,32.67,2086.29,0,65.72,205.48,0,49.39,824.39,0,0,6.18,0,0,0,0,0,57.2,0,11.71,0,0,5.57,0,0,0,0,0,0,0,0,0,0,0,0,18.54,0,0,0,0,0,0,0,0,0,0,0,0,0,0,0,0,0,0,0,0,0,0,0,0,0,0,0,10.67,17.56,0,0,0,97.12,0,0,0,0,0,0,0,0,0,0,0,0,51.97,0,0,15.81,0,0,0,0,0,30.65,0,0,0,0,5.88,0,0,0,0,0,0,0,0,0,0,9.04,0,0,0,0,689.69,0,0,12.35,0,0,0,0,0,0,0,6.63,0,0,0,0,31.37,0,0,23.45,7.42,0,0,0,0,0,0,0,83.97,14.19,0,0,0,68.16,4.93,0,12.57,0,22.24,0,0,0,0,0,0,11.1,37.36,0,43.33,0,0,713.08,0,0,0,0,59.06,19.15,0,0,0,8.43,21.89,0,0,0,0,21.12,0,0,0,0,0,0,0,10.8,0,0,0,0,164.83,54.74,0,24.88,0,228.7,1926.98,0,0,0,0,0,13.61,134.36,161.42,0,0,0,3.23,0,0,0,0,0,0,0,0,0,0,0,0,0,0,0,0,0,25.95,0,4.6,34.83,503.26,0,0,27.81,0,0,34.98,7.53,0,11.73,0,30.72,0,6.1,208.36,0,0,0,0,0,0,0,0,0,0,97.08,0,30.01,0,7.07,0,43.48,0,37.55,13.22,16.27,0,38.64,66.13,0,55.33,169.75,19.23,0,0,0,12.26,0,0,30.78,0,0,54.06,0,0,140.49,0,14.11,0,0,0,35.34,0,0,0,0,0,0,11264.93,0,53.88,0,0,0,4.46,0,65.84,0,0,0,34.81,51.8,0,36.09,26.66,0,0,22.9,2787.84,0,0,314.1,0,29.97,0,40.56,752.69,0,0,0,0,0,0,0,0,0,16.11,49.08,149.22,0,8.94,0,0,8.62,0,425.38,0,0,3.13,31.35,0,289.61,31.32,0,173.22,22.88,0,0,0,0,0,0,0,0,0,0,0,0,0,0,42.62,0,0,0,0,0,31.49,515.67,9.37,0,0,0,0,0,31.51,0,59.64,0,0,29.84,0,20.11,0,0,0,0,45.54,98.15,0,0,0,0,0,79.62,0,0,69.94,9.24,274.73,0,15.55,0,10.93,0,0,23.39,10.23,0,0,0,19.55,0,0,0,0,0,59.53,0,0,0,0,0,0,0,0,24.39,0,0,0,73.8,0,116.81,6.58,28.17,21.6,181.87,7.88,0,0,0,0,0,0,0,0,0,97.81,0,0,0,0,0,0,0,10.24,0,17.89,0,0,19.42,0,16.04,0,0,0,16.25,0,0,0,5.61,9.81,0,0,0,0,0,0,1022.95,0,0,0,0,0,0,11.33,0,0,0,0,0,0,0,0,0,0,0,0,0,32.61,4.76,0,0,0,0,101.36,0,0,0,0,0,0,63.52,17.35,319.23,0,0,0,227.36,0,174.26,0,0,49.8,25.14,0,26.51,22.7,1546.44,0,0,48.68,0,44.47,0,0,0,0,0,11.94,42.2,0,0,0,0,0,0,0,0,14.06,113.5,0,0,0,0,0,0,0,0,0,0,0,0,0,149.41,16.59,0,0,91.57,6.91,9.67,18.07,0,0,0,0,0,0,0,7.01,0,0,0,23.25,0,0,0,0,0,0,20.61,5.67,8.38,0,201.81,52.1,0,480.87,0,0,0,0,0,0,0,0,0,216.63,0,16.41,0,14.73,180.29,0,0,49.38,0,35.02,0,0,0,0,107.46,35.8,4.42,0,0,0,0,0,0,0,0,0,0,0,0,0,0,0,0,0,12.1,0
BR3,Black robin,Petroica traversi,Passeriformes,Young,Rangatira,16,Wild/unknown,65623260,0,0,1606.91,0,0,17.96,0,0,0,0,0,7.92,0,0,0,0,0,0,100.04,0,0,11.65,0,942.47,0,0,10.29,0,0,0,0,0,28.13,0,0,7.27,0,0,18.03,0,0,0,8.22,24.59,0,0,58.02,3.63,0,0,6.08,170.69,0,170.45,0,0,0,8.28,0,12.02,9.12,98.29,0,163.14,17.12,0,0,6.95,22.68,0,19.43,5.64,0,0,0,0,0,0,0,10.07,4.87,0,0,0,0,22.97,0,8.56,0,0,0,127.02,12.36,0,116.15,0,0,0,0,135.87,0,0,12.34,0,0,235.16,0,0,0,14.96,0,0,0,0,0,0,0,22.79,10.69,0,0,0,0,0,0,0,0,0,0,0,0,0,0,0,0,0,16.86,0,0,0,0,0,0,0,0,0,0,0,0,12.99,0,0,0,0,0,0,0,0,0,0,0,0,0,0,0,0,0,10.69,0,0,0,0,0,0,0,0,23.88,0,0,15.36,13.79,13.61,0,0,0,0,0,23.65,0,0,0,0,0,0,0,6.23,0,0,0,0,0,0,0,0,0,0,0,0,0,11.89,0,0,0,0,0,0,0,0,7.3,0,0,0,0,6.07,0,0,41.99,0,0,0,0,0,14.51,0,9.9,0,0,13.95,12.64,0,0,0,241.84,32.53,0,160.03,4620.12,0,171.36,127.13,12.34,0,823.87,0,0,0,0,0,0,0,0,9.41,0,0,0,40.1,50.71,7.9,6.98,0,0,0,0,0,0,0,0,0,0,17.27,0,0,0,0,0,0,0,0,4.45,0,0,0,0,0,0,0,0,11.4,0,0,0,0,0,0,0,0,0,33.8,0,43.43,0,0,31.8,86.81,0,0,0,0,0,0,0,0,0,0,0,117.89,0,5.66,0,0,0,0,0,0,0,0,0,0,0,11.71,0,0,0,0,0,0,0,0,0,66.24,0,0,5.98,0,3.96,1040.21,0,0,25.1,1125.64,7.08,0,0,11.65,0,0,53.78,5.36,17.93,0,0,70.99,5.61,0,0,0,0,0,0,0,0,0,3.3,0,0,0,0,0,0,0,0,0,0,0,0,0,0,0,0,0,26.02,21.43,0,0,0,0,154.65,0,0,0,0,8.69,0,0,0,0,8.42,0,0,0,0,891.58,15.17,4.97,0,27.87,5.63,0,0,135.04,0,0,0,16.4,0,15.41,3.54,0,31.63,0,9290.57,22279.02,87.12,61.73,0,0,11.98,0,966.36,0,0,26.57,36,0,0,0,0,0,0,0,16.87,0,0,0,0,0,0,12.12,21.33,0,31.57,323.61,11.15,0,48.56,680.38,10.43,0,180.95,0,41.19,0,17.89,0,0,42.92,0,4.12,140.67,848.86,0,20.93,0,10.37,0,0,0,0,0,0,0,4684.21,0,0,8.8,0,494.68,9.66,0,0,0,0,31.65,0,3290.62,90.19,283.15,0,0,0,0,0,0,0,65.76,0,7.23,158.12,0,0,0,0,6.87,10.71,0,17.61,29.41,33.05,6.62,6.99,0,0,0,24.76,11.12,0,0,0,0,16.34,53.91,0,0,0,0,0,18.17,0,0,21.93,0,9.91,0,520.13,18.96,0,0,9.64,0,0,25.14,28.3,0,0,51.29,0,0,0,48.3,0,9.95,77.46,91.5,782.17,0,255.09,0,0,0,0,106.21,0,0,219.74,0,0,707.8,0,3.88,71,6.57,8.59,46.5,0,0,0,0,29.6,147.5,0,0,0,14.23,0,0,0,0,0,0,0,0,0,22.35,0,0,82.51,0,0,173.72,0,0,0,0,13.9,282.32,0,0,0,0,0,0,0,20.54,0,0,0,0,0,0,54.93,19.15,0,0,0,0,0,0,0,0,0,0,0,11.44,0,0,0,0,0,0,0,0,0,0,0,0,0,0,11.27,0,0,13.05,0,0,0,0,0,173.15,13.73,0,0,21.57,0,0,0,0,0,0,0,0,0,0,296.17,0,0,0,0,6.32,0,0,0,0,0,0,0,0,7.58,0,0,0,0,6.13,0,0,0,0,8.87,67.54,0,0,16.88,6.36,0,595.13,19.96,0,0,0,23.47,11.51,0,0,0,0,0,14.33,4.85,0,0,0,0,0,0,5.32,0,0,0,0,0,0,25.18,9.43,0,0,0,28.12,0,0,45.57,0,0,0,8600.78,0,0,0,0,1705.25,0,89.07,0,10.64,0,110.51,22.94,54.34,0,17.97,382.01,0,31.23,0,27.09,363.84,6.28,10.26,0,0,6.36,183.23,0,32689.65,151.91,36.7,424.37,977.65,0,0,0,0,0,0,0,0,0,0,0,14.38,15.39,45.48,0,0,0,618.11,0,15.79,0,0,0,20.6,0,0,0,0,181.98,0,0,0,0,0,0,0,0,0,0,18.97,0,151.38,348.45,0,743.47,160.68,0,0,327.68,30.67,0,59.78,0,57.49,0,0,0,0,11.37,0,0,0,0,0,274.75,0,0,580.66,0,0,79.54,86.49,27.94,0,390.01,35.82,0,0,0,0,0,1838.2,0,0,0,0,0,0,0,0,0,42.45,0
BR4,Black robin,Petroica traversi,Passeriformes,Young,Rangatira,17,Wild/unknown,89292921,0,43.31,2597.91,0,0,14.8,0,24.5,0,0,0,0,0,15.14,0,0,0,0,193.64,15.33,20.11,0,0,2004.88,0,0,0,0,0,0,0,0,0,0,1901.66,58.8,12.87,0,760.58,0,0,0,13.12,139.96,0,0,217.15,0,14.75,0,0,319.27,25.01,555.63,0,0,0,20.63,110.92,33.84,53.33,381.92,0,89.02,134.83,0,0,0,26.28,0,0,0,0,0,0,0,0,0,0,0,9.94,0,0,0,0,0,20.67,0,0,0,0,626.09,0,0,10.24,0,0,0,0,0,25.26,0,28.95,0,0,0,0,0,0,0,0,0,0,0,0,0,0,0,0,0,0,0,0,0,0,0,0,0,0,0,0,0,0,0,0,0,0,0,0,0,0,0,0,0,0,0,0,0,0,0,0,36.61,0,0,0,0,0,0,0,0,0,0,0,0,0,0,55.36,0,0,17.5,0,0,39.21,0,0,0,39.3,0,27.17,0,81,217.88,0,41.23,0,0,0,257.92,0,0,0,358.9,0,0,0,0,0,0,37.77,1430.58,0,67.32,19.06,0,0,69.13,0,0,11.15,0,0,0,0,0,0,0,0,0,52.49,0,0,0,0,0,0,0,0,0,0,0,0,0,74.11,0,0,4.52,0,0,17.45,0,0,0,2106.94,73.71,230.39,174.24,6997.5,0,704.36,204.3,38.69,0,58.04,39.53,0,0,0,0,48.36,9.11,2656.58,12.16,0,18.41,42.62,48.85,258.65,0,0,0,0,0,0,0,0,0,0,346.03,173.44,582.21,0,0,0,0,0,0,13.97,105.4,19.44,21.6,51.09,23.13,0,0,0,0,0,0,0,0,0,0,0,0,10.61,0,0,0,0,0,0,10.94,0,0,0,0,13.49,0,0,0,0,10.06,0,0,0,0,0,0,10.41,10.9,0,0,0,0,0,0,0,0,0,41.9,0,0,0,0,0,0,0,0,0,0,0,125.54,0,44.07,0,3970.1,0,0,0,1432.2,7.87,0,0,163,54.83,0,83.39,0,0,0,0,10.95,0,0,0,50.12,0,0,0,0,0,0,0,0,9.03,0,12.43,0,0,0,0,0,0,19.01,0,0,9.1,0,12.72,0,49.09,51.23,237.91,12.69,0,45.72,701.92,0,14.79,0,10.35,12.31,0,20.13,0,0,0,25.68,30.26,18.24,13.27,0,0,101.65,0,0,20.93,15.85,48.61,123.96,0,0,0,0,26.62,55.4,507.94,0,45.54,15.32,14071.46,9865.32,0,0,0,0,21.11,0,1055.75,0,0,0,44.54,7.79,0,7.51,7.58,0,0,0,0,0,0,0,0,0,0,9.54,0,0,58.81,105.78,0,50.63,2.84,1981.57,0,17.83,371.69,28.61,130.02,234.78,192.67,0,0,0,0,112.49,250.85,2236.48,13.52,0,457.44,0,0,0,0,0,23.13,0,0,178.99,0,0,80.38,0,35.29,16.42,0,0,0,75.29,170,191.74,1696.01,0,17.49,414.81,0,0,12.59,35.24,0,0,28.41,12.97,20.27,249.44,0,0,0,64.82,0,6.68,0,68.62,0,0,9.79,0,0,0,0,19799.44,0,0,29.09,0,0,117.35,0,43.33,75.24,22.09,32.43,10.98,366.88,0,129.35,0,10.67,14.78,56.62,6086.83,0,0,289.87,11.62,45.36,0,132.29,130.82,0,0,18.69,0,98.5,7.03,12.78,0,81.17,167.42,19.91,789.22,16.01,172.9,21.01,0,0,0,224.97,25.2,0,156.07,0,10.14,325.48,0,0,180.95,285.42,0,0,6.3,0,0,0,8.17,0,19.92,0,23.18,0,0,0,0,0,0,0,0,77.36,0,16.78,0,0,0,0,0,999.67,15.09,0,0,26.43,8.79,15.96,0,99.86,0,14.09,81.42,9.58,30.01,0,0,0,0,11.24,0,28.73,235.08,0,8.63,0,0,27.78,104.9,12.22,0,0,27.33,219.74,18.57,0,0,265.05,0,0,36.67,0,0,0,0,21.56,6.82,50.26,0,149.39,106.74,0,398.76,252.34,150.15,16.8,0,0,0,65.6,19.07,31.85,0,0,8.92,17.16,10.65,4.77,0,37.15,10.75,12.5,72.21,20.45,286.35,0,45.12,13.85,0,0,11.37,0,0,29.15,0,0,31.73,118.73,10.47,0,0,12.05,0,17.21,22.02,0,0,0,0,24.74,0,28.84,0,0,0,2992.35,0,238.25,0,13.49,19.66,0,0,10.01,0,42.75,0,62.49,0,0,0,0,731.02,0,0,0,36.78,0,32.18,0,0,18.67,1048.07,0,0,0,0,0,31.71,31.75,58.42,0,0,0,0,18.67,0,0,0,0,0,1827.54,7.12,254.07,0,8218.55,794.8,0,0,0,924.71,19.06,461.55,0,24.76,11.16,0,551.48,0,11.92,16.68,0,147.67,3574.16,0,0,0,14.06,0,0,0,0,0,0,0,0,0,0,0,17.59,25.17,224.8,0,0,0,635.28,0,44.4,0,0,7.06,12.66,60.09,0,0,0,0,0,0,0,0,0,0,0,14.92,0,191.71,370.93,0,0,0,70.28,1056.28,436.07,1445.24,75.74,0,102.13,0,0,0,0,13.31,0,459.46,21.94,1.68,0,28.86,127.48,16.78,13.46,167.15,0,0,1586.55,0,0,797.33,2435.44,0,38.95,1413.07,370.73,0,17.04,0,0,0,0,0,14.99,0,0,0,0,225.69,39.16,0,0,0
OM1,Fairy prion,Pachyptila turtur,Procellariiformes,Adult,Mangere,5,Wild/unknown,65980333,0,0,0,0,0,0,0,0,0,0,0,0,0,0,0,0,0,0,0,0,0,0,0,0,0,0,0,0,0,3.14,0,0,0,0,20.94,0,0,0,0,0,0,0,0,13.24,0,0,0,0,497.37,0,0,0,0,0,0,0,0,0,0,0,0,0,0,0,18.9,0,0,0,0,0,0,0,0,0,0,0,0,0,0,0,0,0,0,0,0,0,0,0,0,0,0,0,0,0,0,0,0,0,0,0,0,0,18.07,0,0,0,0,0,0,0,0,0,0,0,0,0,0,0,0,0,0,0,0,0,0,0,0,0,0,0,0,0,0,0,0,0,0,0,0,0,0,0,0,0,0,0,0,0,0,0,0,0,0,0,0,0,0,0,0,0,0,0,0,0,0,0,0,0,0,0,0,0,0,0,0,0,6.14,0,0,0,0,0,0,0,0,0,6.67,7.44,0,0,0,0,0,0,0,0,0,0,0,0,0,0,0,0,0,0,0,0,0,0,5.43,0,0,0,0,0,0,0,0,0,0,0,0,0,0,0,0,0,0,0,0,0,0,0,0,0,0,0,0,0,0,0,0,0,0,0,8.22,0,0,0,0,0,0,0,0,0,0,0,0,0,0,0,0,0,0,0,0,0,0,0,0,0,0,0,0,0,0,0,0,0,0,0,0,0,0,0,0,0,0,0,0,0,0,0,0,0,0,0,0,0,0,20.01,0,11.78,0,0,0,0,0,0,0,0,0,0,0,0,0,0,0,0,0,0,0,0,0,0,0,0,0,0,0,0,0,0,0,26.62,0,0,0,15.35,0,0,0,0,0,0,0,0,0,0,0,0,0,0,0,48.94,0,0,10.89,0,0,0,0,0,0,0,0,0,0,50.18,0,0,0,0,0,0,0,0,0,0,0,0,0,0,0,0,0,0,0,0,0,0,0,0,0,0,0,0,0,0,0,0,0,0,0,0,34.57,0,0,202.75,0,0,0,0,0,0,0,0,0,0,0,0,0,0,0,0,0,0,0,0,0,0,0,0,0,0,0,0,0,0,10.05,15.28,0,0,0,0,0,0,0,0,0,0,0,0,0,0,0,0,0,0,0,0,0,0,0,0,0,0,0,0,0,0,0,0,0,0,0,0,0,0,0,0,0,0,0,0,0,0,0,0,0,0,0,0,0,0,7.07,0,0,0,0,0,3.94,0,0,0,0,0,0,0,0,0,0,0,0,0,0,0,0,0,0,0,0,0,1383.02,0,0,0,0,0,0,0,0,0,0,0,0,0,0,0,0,79.27,0,0,0,0,0,0,0,0,0,0,0,0,0,0,0,0,0,0,0,0,0,243.44,0,0,0,0,0,0,0,0,0,0,0,0,0,0,0,0,0,0,0,0,0,0,0,0,0,0,0,0,0,0,0,0,0,0,0,0,0,0,0,0,0,0,0,0,0,0,0,0,0,0,0,0,0,0,0,0,0,0,0,0,0,0,0,0,0,0,0,0,0,0,0,0,0,0,0,0,0,0,0,0,0,0,0,0,0,0,0,0,0,0,0,0,0,0,0,0,0,0,0,0,0,0,0,0,0,0,0,0,0,0,0,0,0,0,0,0,0,0,0,0,0,0,0,0,0,0,0,0,0,0,0,0,0,0,0,0,0,0,0,0,0,0,0,0,0,0,0,0,0,0,0,0,0,0,0,0,0,0,0,0,0,0,0,0,0,0,0,0,1051.91,0,0,0,0,3.49,0,0,0,0,0,0,886.36,0,0,14.63,0,5.51,0,0,0,22.65,0,0,0,0,0,0,0,23.58,0,0,0,0,0,0,0,0,0,0,0,0,0,0,0,0,0,0,0,0,0,0,0,0,0,6.35,0,0,0,0,0,0,0,0,0,0,0,0,0,0,0,0,0,0,0,0,0,0,0,0,0,0,0,0,0,0,0,0,0,0,0,0,0,0,0,0,0,0,0,0,0,0,0,0,0,0,0,0,0,0,0,0,0,0,0,0,0,0,0,6.39,0,0,0,0,0,0,0,0,0,0,0,0,0,0,0,0,0,0,0,0,56.91,0,0,0,43.95,0,0,0,0,0,0,0,0,0,0,0,0,0,0,0,0,0,0,0,0,0
OM2,Fairy prion,Pachyptila turtur,Procellariiformes,Young,Mangere,1,Wild/unknown,56092106,0,19.03,0,0,0,0,0,9.75,5.64,0,0,0,0,0,7.26,0,0,0,7.21,0,0,0,0,0,0,0,0,47.34,0,0,0,0,0,0,108.17,0,0,0,17.94,0,0,0,23.37,24.2,0,0,0,0,379.92,0,114.66,32.92,0,40.63,0,0,0,0,0,0,19.24,153.82,0,19.54,38.34,13.07,0,0,0,0,0,0,0,0,0,0,0,0,0,0,0,0,0,0,0,0,0,0,0,0,0,9.34,0,0,0,0,0,0,0,0,0,0,0,0,0,0,0,0,0,0,0,0,0,0,0,0,0,0,0,0,0,0,0,0,0,0,0,0,0,0,0,0,0,0,0,0,0,0,0,0,0,0,0,0,0,0,0,0,0,0,0,9.58,0,0,0,0,0,0,0,14.69,10.23,0,0,0,0,0,0,0,0,0,0,0,4.2,0,6.13,0,42.87,0,24.8,0,17.02,0,0,0,0,0,0,28.97,0,0,0,15.73,0,0,0.24,0,0,0,17.5,8.54,0,20.93,0,96.67,21.92,0,0,0,0,0,0,0,0,0,0,0,0,0,0,0,0,0,0,0,6871.34,0,0,0,53.5,7955.27,0,0,0,0,0,0,0,0,0,0,0,0,37.48,0,0,0,47.5,0,0,11.83,7.27,0,55.11,0,5.78,0,0,11.89,0,0,0,62.85,0,0,0,0,6.47,0,0,0,0,0,0,0,0,0,0,0,0,80.46,0,0,0,0,0,0,0,0,0,0,0,12.5,0,0,0,0,0,0,0,0,0,0,26.38,271.04,0,0,0,0,0,0,0,0,0,0,0,0,0,0,0,0,0,0,0,0,0,0,0,0,0,0,0,3.59,0,0,0,0,0,0,0,14.17,10.8,0,0,0,0,0,0,0,0,0,0,11.28,0,0,0,1715.21,0,0,10.74,0,0,0,0,5.88,106.27,0,0,0,18.49,7.55,7.43,0,0,0,0,191.07,0,122.36,0,0,0,0,27.51,0,0,0,0,0,18.17,9.29,0,34.62,0,0,116.39,10.59,0,0,0,0,0,0,0,28.38,0,27.36,20.36,0,0,48.44,0,0,32.94,0,30.81,0,0,8.26,28.09,0,0,0,0,0,14.28,0,0,0,0,101.21,0,29.39,11.31,0,0,0,0,0,0,0,4431.42,426.23,0,0,0,0,0,0,0,0,0,0,0,0,0,9.32,4.95,17.42,0,0,0,25.63,43.03,8.98,0,0,0,0,0,0,6.51,0,0,0,0,51.24,0,0,0,0,0,0,0,8.08,0,0,0,0,16.91,69.75,1154.66,0,0,0,0,0,0,0,0,0,65.81,0,0,0,0,0,7.2,8.62,0,0,0,0,0,0,0,0,0,92.89,143.91,141.02,0,6.38,0,0,6.69,0,0,60.1,0,7.87,8.53,9.83,27.19,0,13.12,0,101.28,0,0,0,0,34.57,0,0,0,0,0,0,0,0,0,0,0,0,0,0,55.21,0,0,0,0,0,0,1039.28,11.41,0,0,0,0,0,0,0,0,0,0,16.99,8.29,0,0,0,0,0,0,0,9.39,0,0,15.52,0,0,0,6.71,0,0,0,0,41.47,12.83,8.07,52.59,0,0,0,0,0,0,0,0,0,0,19.31,0,0,0,0,0,0,0,12.45,0,0,0,0,0,0,0,0,0,22.31,0,0,0,0,3.74,0,0,7.93,0,0,0,0,0,0,0,0,0,0,0,0,18.52,0,16.59,0,0,0,0,0,0,0,23.22,43.72,0,0,0,0,0,0,0,0,0,54.84,0,0,0,0,0,0,0,0,0,0,0,0,0,0,0,0,18.87,0,0,0,0,0,0,0,0,0,0,0,0,0,51.49,28.49,0,0,0,0,0,0,6.23,0,0,0,0,0,0,0,0,0,0,0,0,0,0,15.44,0,45.59,19.11,0,5.51,0,0,1966.52,7.78,41.88,0,0,0,0,0,0,0,0,0,2.65,0,0,0,0,12.8,0,0,129.58,55.81,33.97,15.57,0,10.76,0,0,0,0,15.34,5.42,113.2,0,0,0,0,0,0,0,0,0,0,0,0,0,0,0,0,0,0,0,0,0,0,15.21,0,0,0,0,0,0,0,19.16,0,0,0,0,0,0,0,0,0,0,3.9,0,11.37,0,0,0,0,0,0,0,0,0,0,0,0,0,0,0,0,0,0,0,0,0,0,0,0,0,0,0,0,0,0,0,0,0,0,8.04,0,63.07,0,6.94,0,0,0,37.83,0,0,0,0,0,0,0,0,0,0,9.06,0,0,0,0,0,0,49.87,0,0,215.63,0,5.89,0,51.89,0,0,0,0,0,0,0,0,0,0,0,0,0,0,0,0,0,0,8.2,0,0
OM3,Starling,Sturnus vulgaris,Passeriformes,Adult,Mangere,1,Wild/unknown,71422281,87.23,26673.22,0,0,0,0,0,0,0,0,0,0,0,0,0,0,0,0,5.59,0,0,0,7.43,0,0,23.35,0,0,0,0,0,0,0,0,440.76,0,0,0,11.16,0,0,0,0,47.14,74.97,0,0,0,140.44,0,0,0,0,0,0,0,0,0,0,0,0,4.9,0,27.28,14.97,0,0,0,8.94,0,0,0,0,0,0,0,0,15.67,0,0,6.47,0,0,0,0,9.31,0,0,0,0,0,0,0,0,5.76,0,0,0,0,0,0,0,30.67,0,0,0,0,0,0,0,0,0,0,0,0,0,0,0,0,0,0,0,0,0,0,0,0,0,0,0,0,0,0,0,0,0,0,0,0,0,0,0,0,0,0,0,0,0,0,0,0,0,0,0,0,0,0,0,0,0,0,0,0,0,0,0,0,0,0,0,0,0,0,0,0,0,4.29,0,0,0,0,0,0,0,0,14.88,0,0,0,0,0,35.36,0,0,0,0,0,0,0,0,0,49.61,0,0,981.47,0,0,0,0,0,0,0,0,0,0,0,0,6.67,0,0,0,0,0,7.53,0,0,0,0,4090.53,0,5950.67,0,0,0,0,0,0,0,6.29,0,0,0,7.01,10.96,0,6.61,9.39,0,0,0,0,0,154.39,0,0,0,0,0,4.82,6.79,0,0,0,0,0,11.11,0,0,5.62,0,0,0,0,0,0,0,0,0,0,7.61,0,0,0,0,0,0,0,0,0,0,0,0,5.81,0,0,0,0,0,0,0,0,0,0,0,0,0,0,0,0,0,0,0,0,0,0,0,0,4.71,0,20.46,0,0,0,17.24,52.79,0,0,0,0,0,0,0,0,0,0,0,0,0,0,4.29,0,0,0,0,298.25,0,0,0,0,0,0,0,0,0,0,2802.35,10.98,60.03,819.44,0,0,0,0,0,0,0,8.46,5.65,0,0,0.26,10.32,10.62,30.6,14.17,7.51,0,0,0,0,0,0,0,0,0,0,0,0,0,0,0,0,0,0,0,10.52,0,0,0,0,0,0,0,0,0,28.33,815.53,0,0,0,0,4.21,0,0,0,0,0,0,0,0,0,81.69,0,0,0,0,0,0,0,0,0,6.12,0,0,0,0,0,0,0,0,251.94,137.16,0,0,0,0,0,0,0,0,17.26,0,0,0,0,0,0,0,0,0,0,0,0,0,0,0,0,0,0,0,36.83,0,0,0,0,68.08,0,0,11.24,0,0,0,0,0,0,6.23,0,0,0,0,22.68,0,0,9.29,0,16.52,12,0,0,0,0,0,749.92,0,0,0,0,0,0,0,0,0,0,0,0,0,0,0,0,0,0,0,0,0,52.16,0,0,0,8.1,0,0,0,0,0,0,0,0,0,0,0,0,403.96,0,0,0,0,0,240.69,8.24,363.54,0,0,0,0,0,0,25.24,0,0,0,0,0,0,2500.98,0,0,88.1,0,0,0,0,11.34,20.06,0,0,0,0,0,0,0,0,15.41,74.58,0,0,0,0,0,0,0,0,0,0,0,0,0,75.07,0,0,0,0,0,7.31,0,0,0,0,0,0,0,0,0,0,0,0,0,0,0,0,0,0,0,0,0,0,0,0,0,0,0,0,0,0,0,0,0,0,0,0,0,0,0,0,0,0,0,0,0,0,0,0,0,0,0,0,0,0,0,0,0,0,0,0,0,0,0,0,0,0,0,0,0,3.47,0,0,0,0,0,0,0,0,0,0,0,0,0,0,35.23,0,0,9.15,0,0,0,0,0,0,0,0,0,0,5177.21,0,0,0,733.48,0,0,0,0,0,0,0,0,0,0,0,0,0,0,0,0,0,0,285.78,0,0,6.5,0,11.28,0,0,527.93,0,5.56,21.79,0,0,0,0,0,0,6.2,0,133.98,74.62,642.69,929.95,0,7.48,0,0,0,75.54,6.79,0,0,0,0,7.88,0,202.66,31.91,83.03,0,0,0,0,0,0,2573.19,0,0,0,0,7294.83,0,0,0,0,2.42,0,0,0,0,0,0,0,0,0,0,0,0,0,0,0,9.03,0,0,0,0,58178.36,373.07,3394.61,4.84,0,0,0,0,0,0,0,0,0,0,0,0,0,0,0,0,0,0,0,0,10.02,0,0,0,0,0,0,0,0,0,0,0,0,0,0,0,0,0,9.35,0,0,0,0,0,11.56,0,0,0,0,0,0,0,0,0,0,0,4.97,0,0,0,0,0,0,0,0,0,0,94.66,0,0,41.59,160.34,48.14,0,0,0,0,0,0,0,0,0,14.56,0,0,0,0,0,0,0,0,0,0
OM4,Starling,Sturnus vulgaris,Passeriformes,Young,Mangere,4,Wild/unknown,65674763,0,4.97,0,102.85,0,0,0,0.94,0,5.88,0,0,18.83,0,7.62,6.46,41.47,14.99,8.48,0,120.51,0,0,93,6.66,0,213.15,52.7,6.88,0,0,0,4.25,12.04,132.35,0,0,44.79,117.73,0,5.61,117.78,34.54,290.25,24.86,16.88,19.76,0,3122.51,10.36,0,58.81,0,49.66,0,9.05,0,47.21,26.35,277.46,57.57,448.7,0,292.64,26.32,137.78,1087.34,57.18,78.41,0,5.98,0,0,0,0,0,0,0,34.54,0,7.09,10.87,92.99,38.11,48.59,0,4.72,1172.33,119.21,0,409.33,145.39,0,205.42,456.85,273.18,278.02,0,0,0,19.84,0,0,0,82.54,28.57,0,0,0,0,0,0,0,0,0,0,0,0,0,0,0,0,0,0,0,0,0,0,0,0,0,0,0,0,0,0,0,0,0,0,0,0,0,0,0,0,0,0,0,0,0,0,0,0,0,0,0,0,0,0,0,0,0,0,0,7.25,42.89,0,0,0,9.26,0,0,0,219.77,30.45,258.29,0,0,0,73.02,0,6.38,16.58,139.46,0,0,711.41,0,3162,0,236.51,0,0,0,0,0,0,0,223.85,11.82,240.83,0,0,5.77,0,0,0,0,0,0,15.35,0,0,8.44,0,8.52,11.79,4.93,0,0,0,0,0,0,0,0,0,15.42,20013.77,0,7.08,0,0,0,0,18.97,0,0,0,0,13.55,38.35,0,0,0,303.46,0,20,0,0,0,21.9,0,14.69,0,21.03,0,0,0,7.28,75.21,10.82,0,0,0,0,5.88,6.13,0,0,12.26,37.52,0,6.78,0,10.34,0,0,135.54,15.05,11.17,30.87,0,14.91,0,0,0,10.67,0,0,0,8.32,0,0,0,31.1,0,67.52,2558.81,0,0,0,0,0,94,0,0,0,0,24.22,0,0,0,4.84,21.07,0,5.28,0,0,0,0,0,0,0,0,0,0,734.86,11.38,0,15099.94,12.67,0,55.07,0,105,0,0,53.22,6.26,198.71,0,0,1968.37,0,0,0,0,0,0,0,26.51,0,0,751.82,0,0,107.28,0,0,0,10.5,0,0,0,0,0,4.47,0,0,14,0,0,9.32,6.32,0,0,0,0,154.73,0,27.16,0,0,22.5,0,11.87,13.99,4.44,0,737.58,0,0,26.44,34.69,36.28,29.05,8.8,10.24,0,53.79,0,8.23,81.6,0,52.29,0,0,230.89,0,25.09,6.05,0,0,17.09,16.32,0,0,0,0,60.49,0,0,4.75,0,0,43.25,0,0,0,0,0,32,0,0,8.2,32.62,10.14,26.59,1274.95,584.6,0,0,0,0,0,0,0,58.04,6.02,0,0,0,0,0,0,0,0,4.46,0,0,0,0,35.17,12.01,147.48,0,29.67,42.03,0,0,0,0,0,0,0,0,0,0,0,0,0,0,0,0,0,0,209.04,744.81,0,0,0,0,0,0,20.3,0,0,0,135.27,0,0,0,0,21.58,12.58,0,0,0,82.11,0,0,13.82,9.85,0,0,28.09,0,62.1,0,60.12,0,0,11.55,0,0,144.94,23.78,0,0,0,0,2.14,0,0,8.4,0,0,0,0,487.87,0,0,0,0,0,0,0,11.01,0,0,0,0,0,0,6.75,0,0,0,0,167.04,10.68,1847.38,0,0,213.24,0,0,85.45,0,17.2,0,46.92,0,356.36,0,11.16,31.52,0,20.86,36.84,146.67,0,0,41.17,13.01,0,0,0,157.14,0,0,0,5.37,10.55,423.38,25.28,0,0,34.97,0,0,0,0,0,0,0,0,278.43,34.23,0,0,663.57,0,0,0,0,0,0,0,0,0,0,0,0,0,0,0,0,0,0,23.3,0,0,0,0,0,0,0,16.75,0,0,235.63,0,8.24,7.59,0,0,0,0,0,0,17.07,0,7.35,0,0,0,0,0,0,0,29.07,0,0,0,7.24,258.22,12.76,0,0,0,0,0,0,0,0,0,22.65,0,0,0,0,0,0,0,0,0,11.75,0,0,0,0,0,0,0,0,32.64,0,0,17.44,0,0,0,0,0,0,0,0,0,0,503.34,0,0,0,0,0,0,129.53,8.22,0,14.01,0,28.93,0,32.15,0,0,0,0,0,276,0,35.99,10.01,0,0,0,0,0,66.78,199.76,36.31,344.46,0,0,34.65,10.81,0,0,22.15,0,176.07,11.09,3.89,0,0,0,0,0,8.45,0,0,8.01,0,0,0,0,48.97,0,0,0,0,0,0,0,0,0,56.54,0,0,5.39,0,0,0,0,1529.2,7.53,0,0,0,0,0,0,0,0,0,0,0,0,4048.85,409.9,3190.2,10.2,0,413.88,36.91,0,0,0,103.44,16.66,0,0,0,0,0,28.16,0,0,0,0,9.24,31.24,0,0,0,0,0,119.91,204.64,13.09,6.24,0,0,0,8.02,0,0,0,0,0,0,21.63,0,0,0,0,50.23,0,89.39,0,0,0,0,0,0,0,0,0,8.57,0,18.8,0,0,0,0,0,180.63,0,0,9.62,0,10.61,0,1091.15,0,0,0,0,0,0,0,0,0,0,0,0,0,0,0,0,0,0,0,0,0
OM5,Sooty shearwater ,Ardenna grisea,Procellariiformes,Adult,Mangere,12,Wild/unknown,49013711,0,0,0,0,0,0,0,0,0,0,227.87,0,0,0,0,0,0,0,0,0,0,0,0,0,0,0,0,28.55,16.18,11.44,0,0,0,0,9.39,0,0,0,0,0,0,0,0,0,0,0,0,0,94.05,0,0,8.34,0,0,0,0,0,0,0,0,0,0,0,0,0,0,0,0,0,0,0,0,0,0,0,0,0,0,0,0,0,0,0,0,0,0,0,0,0,0,0,0,0,0,0,0,0,0,0,0,0,0,0,0,0,2981.22,0,0,0,0,0,0,0,0,0,134.56,0,0,0,0,0,0,0,0,0,0,0,0,0,0,0,0,0,0,0,0,0,0,0,11.31,0,0,0,0,0,0,0,0,0,0,0,0,0,0,0,0,0,0,0,0,0,0,0,0,0,0,0,0,0,0,0,0,0,0,0,0,0,0,0,0,0,0,0,0,0,0,0,24.36,0,0,0,0,0,0,0,0,0,0,0,0,0,0,0,0,0,0,0,0,0,0,0,0,0,0,0,0,0,0,0,0,0,0,0,0,0,0,0,0,0,0,0,0,0,0,0,0,0,0,0,0,0,0,0,0,0,0,7.76,0,0,0,0,0,0,0,0,0,0,0,0,0,0,0,0,0,0,0,0,0,0,0,0,0,0,0,0,0,0,0,0,0,0,0,0,0,0,0,0,0,0,0,0,0,0,0,0,0,0,0,0,0,0,0,0,10.56,0,0,0,0,0,0,0,0,0,0,0,0,0,0,0,0,0,0,0,0,0,0,0,0,0,0,0,0,0,0,0,0,0,385.45,0,0,0,0,0,0,0,0,0,0,0,0,0,0,0,0,0,127.14,0,0,0,0,0,0,0,0,0,0,0,0,0,0,0,0,0,0,0,0,0,0,0,0,0,0,0,0,0,0,0,0,0,0,0,0,0,0,0,0,0,0,0,0,0,0,0,0,0,0,0,0,0,0,0,0,0,0,0,0,0,0,0,0,0,0,0,0,0,0,0,0,0,0,0,0,0,0,0,0,59.11,0,0,0,49.32,5.61,0,0,0,0,0,0,15.75,0,0,0,0,0,0,0,0,0,0,0,0,0,0,0,0,0,0,0,0,0,0,0,0,0,0,0,0,0,0,0,0,0,0,0,0,0,0,0,31.95,0,15.1,0,757.54,0,0,0,0,0,0,0,0,0,0,0,0,0,0,0,0,0,0,0,0,0,0,0,0,10.09,0,0,0,0,0,0,9,0,0,0,0,0,0,0,0,0,0,0,0,0,0,0,0,16.83,10.97,0,0,0,0,0,0,0,0,0,0,0,0,0,0,0,0,0,0,0,0,95.16,0,0,0,0,0,0,0,0,0,0,0,0,0,0,0,0,0,0,0,0,0,0,0,0,0,0,0,0,0,0,0,0,0,0,0,0,0,0,0,0,0,0,0,0,0,0,0,0,0,0,0,0,0,0,0,0,0,0,0,0,0,0,0,0,0,0,0,0,0,0,0,0,0,0,0,0,0,0,0,0,0,0,0,0,0,0,0,0,0,0,0,0,0,0,0,0,0,0,0,0,0,0,0,0,0,0,0,0,0,0,0,0,0,0,0,0,0,0,0,0,0,0,0,0,0,0,0,0,0,0,0,0,0,0,0,0,0,0,0,0,0,0,0,0,148.85,70.38,0,0,0,0,0,0,0,0,0,0,0,0,0,11.9,0,0,0,0,0,0,0,0,34.76,0,0,0,0,0,0,0,0,0,0,0,10.75,0,0,0,0,0,0,0,0,0,0,0,0,0,5.33,0,0,0,0,0,0,0,0,0,0,0,0,0,0,0,0,0,0,0,61.41,0,0,0,0,6.86,0,0,0,0,0,0,0,0,0,0,0,0,0,0,0,0,0,0,0,0,0,0,0,0,0,0,0,0,0,0,0,0,0,0,0,0,0,0,0,0,0,0,0,0,0,0,0,0,0,0,0,0,0,0,0,0,0,0,0,0,0,0,0,0,0,0,0,0,0,0,0,0,0,0,0,0,0,0,0,0,0,0,0,0,0,10.39,0,0,20.35,0,0,0,0,0,0,0,0,0,0,0,0,0,0,0,0,0,0,0,0,0,0,0,0,0
OM6,Sooty shearwater ,Ardenna grisea,Procellariiformes,Adult,Mangere,11,Wild/unknown,76228795,0,0,0,0,0,0,0,0,0,0,0,0,0,0,0,0,0,0,0,0,0,0,0,0,0,0,4.35,10.46,0,0,0,0,0,0,137.29,0,0,0,0,0,0,0,0,6.4,0,0,0,0,20.27,0,0,27.59,0,0,0,0,0,0,0,0,0,0,0,5.74,10.05,0,0,0,0,0,0.27,0,0,0,0,0,0,0,0,0,0,0,0,0,0,0,0,0,0,0,0,0,0,0,0,0,0,0,0,0,0,0,0,0,0,0,0,0,0,0,0,0,0,0,0,0,0,0,0,0,0,0,0,0,0,0,0,0,0,0,0,0,0,0,0,0,0,0,0,0,0,0,0,0,0,0,0,0,0,0,0,0,0,0,0,0,0,0,0,0,0,0,0,0,0,0,0,0,0,0,0,0,0,0,0,0,0,0,0,0,0,0,0,0,0,0,0,0,0,0,0,0,0,108.23,0,0,13.93,0,0,0,0,0,0,8.42,0,0,0,0,0,0,0,0,0,0,0,0,0,0,0,0,0,0,0,0,38.93,0,0,0,0,114.45,0,0,0,0,0,0,0,0,0,0,0,0,7.67,0,0,0,37.08,0,22.29,0,0,0,0,0,0,0,0,0,0,0,0,0,0,0,0,0,0,0,0,0,0,0,0,0,0,0,0,0,0,0,0,0,0,0,0,0,0,0,0,0,0,0,0,0,0,0,0,0,0,0,0,28.72,0,54.41,0,0,0,0,0,0,0,0,0,0,0,0,0,0,0,0,0,0,0,0,0,0,0,0,0,0,0,17.15,0,0,0,0,0,0,0,0,0,0,0,0,0,0,0,0,0,0,0,0,0,0,0,507.15,0,0,30.26,0,0,0,0,0,0,0,0,0,0,0,0,7.26,0,0,0,6.61,0,0,0,0,0,0,0,0,0,0,0,10.25,0,0,0,0,0,0,0,0,0,0,0,0,0,0,0,0,0,0,0,0,0,0,0,29.59,0,0,0,0,0,0,0,0,0,34.81,0,0,0,0,0,0,0,0,0,0,0,0,0,0,224.58,0,0,0,22.87,31.57,0,0,0,0,0,0,53.95,0,0,0,0,0,0,0,0,0,0,0,0,0,0,0,0,0,0,0,0,0,7.41,0,0,0,0,285.57,0,0,0,0,0,0,0,0,0,0,0,0,0,0,23.79,0,30.06,0,0,0,0,0,0,0,0,0,0,0,0,0,0,0,0,0,0,0,0,36.46,0,0,0,30.15,0,0,0,38.12,0,0,0,0,0,0,0,0,0,0,0,0,0,0,0,0,0,0,0,84.64,0,0,0,0,0,0,0,0,0,0,0,0,0,0,7.62,0,0,0,0,0,0,412.09,0,0,0,0,0,0,0,0,0,0,0,0,0,0,0,0,22.98,27.37,15.39,0,0,0,6.51,0,0,0,0,0,0,0,0,0,0,0,0,0,0,0,0,0,0,0,0,0,0,0,0,0,0,0,0,0,0,0,0,0,0,0,0,0,5.82,0,0,0,0,0,0,0,0,0,0,0,0,0,0,0,0,0,0,0,0,6.51,0,0,0,0,0,0,0,0,0,0,0,0,0,0,0,0,0,0,0,0,0,0,0,0,0,0,0,0,0,0,0,0,0,0,0,0,0,0,0,0,17.51,0,0,0,0,0,0,0,0,0,0,0,0,0,0,3.9,0,0,0,0,0,0,0,0,0,0,0,0,0,0,0,0,0,0,0,0,0,0,15.51,0,0,0,0,4.51,0,0,310.37,0,0,0,0,0,0,0,0,0,5.57,0,50.41,0,0,0,0,0,0,0,7.52,13.47,15.36,0,0,0,0,0,21.62,0,0,0,0,0,0,0,0,0,0,0,0,0,0,0,0,0,102.11,0,0,0,29.74,0,0,0,0,39.58,0,0,0,0,0,0,0,0,0,0,0,0,0,0,0,0,0,0,0,0,0,0,0,0,10.54,0,0,0,0,0,0,0,0,0,0,0,0,0,0,0,0,0,0,0,0,0,0,0,0,0,0,0,0,0,0,5.89,0,0,0,17.79,0,32.79,0,0,0,0,0,0,0,0,0,0,0,0,0,0,0,0,98.99,0,0,0,0,0,0,0,0,0,9.86,0,0,0,0,0,0,0,0,0,0,0,0,0,0,0,0,0,0,0,0,0
OM7,Broad-billed prion,Pachyptila vittata,Procellariiformes,Adult,Mangere,3,Wild/unknown,79732781,0,9.96,522.86,0,0,0,0,0,0,0,4079.06,0,0,0,0,0,0,0,41.75,0,128.1,0,0,356.68,0,0,15.76,0,0,0,16.17,0,0,0,56.86,0,0,0,152.84,0,17.5,0,0,11.06,141.17,0,0,0,4417.21,23.16,0,37.44,14.57,116.67,0,0,0,0,0,0,7.31,61.98,0,214.26,5.14,0,0,0,0,35.25,0,0,0,0,0,0,0,0,0,0,0,0,8.33,0,0,56.17,31.69,5.11,0,0,183.24,11.09,0,0,46.07,6.31,0,0,0,0,0,0,0,0,0,278.83,0,0,0,0,0,0,0,0,0,0,0,0,0,0,0,0,0,0,0,0,0,0,0,0,0,0,0,0,0,0,0,0,0,0,0,0,0,0,0,0,0,0,0,0,0,0,0,0,0,0,0,53.68,0,0,0,0,0,0,0,0,23.2,0,0,0,6.08,0,20,0,0,0,0,21.64,24,0,0,6.84,13.58,0,1703.86,0,0,94.63,0,0,0,0,0,0,70.42,10.61,0,0,0,0,8.88,72.88,0,0,0,0,0,0,0,0,0,0,0,0,0,0,0,0,0,0,0,0,0,0,0,0,0,0,0,0,0,0,0,51.79,0,0,0,8.12,16.19,0,10.7,0,201.32,20.68,0,0,650.52,20.21,22.55,471.87,208.64,0,380.74,0,0,0,0,0,0,0,0,131.85,0,0,0,16.4,9.19,0,30.91,0,21.84,0,0,0,0,0,0,0,0,7.58,0,0,0,0,0,0,0,0,0,0,0,0,0,0,0,0,0,0,0,0,0,0,7.79,500.14,0,0,0,0,0,0,1316.9,0,0,0,0,0,0,0,0,0,7.11,0,149.91,0,0,0,0,0,0,0,157.35,4666.77,0,13.31,28.14,0,0,0,0,12.31,0,25.04,0,0,0,0,0,0,0,25.53,31.88,0,0,0,0,476.25,0,0,30.82,946.47,0,0,0,0,0,0,0,0,0,13.67,0,0,0,0,0,37.83,0,0,0,0,0,0,9.79,44.48,0,0,0,0,30.15,0,0,7.42,0,0,11.93,22.65,0,0,0,0,0,0,0,0,0,4.94,5.78,0,0,0,0,4.86,8.05,0,0,0,0,0,0,0,0,0,0,0,0,0,0,0,0,12.38,0,0,0,0,0,0,5.28,0,0,0,383.16,280.81,0,0,0,0,0,0,20.07,0,0,0,0,0,0,0,0,0,0,0,0,0,0,0,0,0,0,0,0,0,13.52,0,0,0,0,0,0,0,0,0,8.94,0,0,0,0,0,0,0,99.4,30.05,5.38,0,0,0,0,0,8.79,0,0,0,14.55,0,5.54,0,0,0,18.18,0,0,0,33.01,0,0,0,84.94,0,0,44.64,0,0,0,33.53,0,0,6.88,0,0,2429.07,0,6.87,0,0,0,0,0,0,0,0,0,0,0,325.09,0,0,0,0,0,0,0,0,0,0,0,0,0,0,15.27,0,0,42.26,0,0,0,1373.08,0,0,20.46,0,0,0,0,0,0,13.73,0,6.67,0,0,0,0,0,24.18,0,0,0,0,0,0,0,0,59.2,0,0,0,0,0,26.6,0,0,10.69,0,0,87.29,0,0,16.66,0,8.09,160.47,25.16,0,8.44,9.27,0,0,0,0,0,0,0,0,0,0,0,0,0,0,0,0,0,0,0,0,36.6,0,0,0,79.64,0,0,0,0,12.05,0,0,0,0,0,27.11,0,0,69.83,0,0,0,0,0,0,35.68,0,0,0,0,0,0,0,0,0,0,0,0,0,0,0,0,0,0,0,0,0,0,7.22,0,0,0,0,54.99,0,0,0,0,0,0,0,0,0,0,0,0,0,0,14.07,0,0,0,0,7.74,0,0,0,0,0,0,0,0,0,0,0,0,0,0,0,0,0,0,0,10.16,0,0,0,0,22.36,1826.85,0,0,0,0,0,0,0,0,0,0,0,0,0,0,0,0,0,0,0,0,49.02,11.87,4.94,0,0,0,0,11.96,16.77,0,0,0,0,4.73,0,9.45,0,0,0,0,0,0,0,0,0,6.61,0,0,0,0,0,0,0,0,5.21,0,0,0,11.92,0,0,0,0,0,0,0,0,6.68,0,0,0,0,0,0,0,0,0,0,0,0,0,0,0,0,0,4.12,7.37,0,0,0,0,0,0,0,0,0,0,0,0,0,0,0,0,0,0,0,0,0,0,0,0,0,0,0,197.64,0,30.21,0,47.12,0,0,0,104.93,0,34.21,0,0,0,66.79,165.1,0,0,0,0,0,0,49.28,0,0,0,0,0,20.49,84.53,9.67,0,0,11.5,0,0,0,0,0,0,0,0,0,101.64,45.92,0,0,0,0,0,0
OM8,Broad-billed prion,Pachyptila vittata,Procellariiformes,Young,Mangere,12,Wild/unknown,68927944,0,16.55,302.2,0,0,0,0,0,8.34,0,8455.59,0,0,0,0,0,0,0,17.22,3.28,0,0,0,115.39,0,0,20.31,0,0,240.57,0,0,0,0,103.39,0,0,0,233.1,19.04,0,9.2,0,6.82,0,0,0,8.43,4776.77,0,0,168.81,0,76.02,0,0,12.33,0,0,5.4,59.44,165.29,0,143.48,6.42,0,0,0,17.01,0,135.82,0,0,0,0,0,0,0,0,0,6.36,0,19.49,0,0,56.97,63.46,0,0,86.96,263.25,6.32,0,0,259.73,99.01,0,0,0,0,0,0,0,18.97,0,1109.63,0,0,0,0,0,0,0,0,87.72,0,0,0,0,0,0,0,0,0,0,0,0,0,0,0,0,0,0,0,0,0,0,0,0,0,0,0,0,0,0,0,0,0,0,0,5.1,0,0,0,0,0,0,0,0,0,0,0,0,0,0,6.45,8.27,0,8.07,0,0,12.16,0,0,0,0,15.84,0,7.09,0,22.29,0,14.71,0,0,8.08,12585.62,91.55,14.09,0,13.25,23.05,0,0,119.89,0,0,14.4,0,0,20.55,40.09,0,28.3,0,0,7.21,0,0,0,8.45,0,0,15.33,0,0,5.83,0,0,35.17,0,0,0,45.58,627.72,0,6.08,0,20.94,0,0,0,0,0,19.84,0,0,12.19,0,15.36,26.38,0,395.69,44.8,0,71.02,892.84,0,4.6,279.12,45.65,0,358.19,0,0,0,0,0,23.07,0,0,98.21,0,0,0,19.62,0,0,19.09,0,297.9,0,0,0,0,0,0,0,0,0,0,0,0,0,0,0,0,0,0,0,0,0,0,7.5,0,0,17.08,0,0,0,0,0,29.43,0,0,0,0,0,0,0,417.76,0,0,0,0,0,0,0,0,0,24.86,0,354.42,0,0,0,55.93,10.73,0,0,164.52,9793.24,0,0,0,0,0,0,5764.71,0,21.79,34.93,21.08,0,0,0,0,0,0,0,0,0,0,0,0,428.43,0,0,29.1,172.87,0,151.85,0,0,0,0,0,0,20.03,0,0,14.63,0,2.16,6.45,39.78,0,0,0,0,0,0,0,0,0,23.63,0,5.22,5.7,0,22.14,14.86,0,36.3,131.84,27.33,0,0,0,0,0,67.78,0,17.7,0,6.28,25.58,0,0,0,0,10.08,0,0,0,0,0,11.32,0,0,0,80.94,31.63,0,0,0,0,0,0,0,0,0,0,0,0,81.03,654.34,0,0,0,644.56,418.31,0,0,0,0,0,0,56.18,0,0,0,0,0,0,0,0,0,13.04,7.94,0,0,0,0,8.73,0,0,0,0,0,0,5.99,0,0,0,47.39,0,0,0,0,0,23.03,13.74,0,0,0,0,13638.92,224.43,106.41,0,0,1196.44,0,22.78,0,0,0,0,0,21.6,0,0,0,0,0,0,33.15,0,0,0,0,0,16.63,0,0,0,10.02,0,0,0,111.17,0,0,0,0,0,130.36,0,0,0,0,0,0,0,0,0,0,8.23,0,0,245.81,0,0,0,0,0,0,20.42,6.1,0,20.48,0,6.63,0,0,54.6,0,0,63.28,0,9.08,10.35,1393.08,0,0,36.02,0,6.72,0,75.79,16.52,0,0,0,0,0,0,0,12.15,0,0,43.55,28.95,0,32.28,8.27,0,0,0,380.84,0,0,0,0,0,74.58,0,37.44,25.02,18.52,0,14.14,0,0,0,11.45,0,0,0,0,6.51,0,6.68,11.84,0,13.73,0,0,0,0,0,7.4,4.68,0,0,33.03,0,10.06,0,0,0,0,20.83,0,0,0,0,0,0,0,0,0,0,0,17.72,0,6.82,5.98,33.64,0,0,0,0,0,0,0,0,25.13,0,0,0,0,0,0,0,0,0,0,0,0,0,0,9.81,0,0,0,0,0,0,0,0,0,0,0,0,16.14,0,0,0,0,0,0,0,0,489.16,0,0,0,0,0,39.89,0,6.95,0,0,0,0,0,0,0,0,0,0,0,0,0,0,0,0,0,0,0,0,4.55,0,0,0,0,0,0,0,639.8,0,0,10.1,0,0,0,0,0,14.88,0,0,15.82,0,0,0,0,0,0,0,0,8.39,59.79,0,0,0,0,0,75.95,0,0,0,0,0,0,0,0,0,0,0,0,0,0,0,0,0,248.52,0,0,0,348.62,31.52,0,0,0,75.5,0,0,0,0,0,0,0,0,0,0,0,0,0,0,0,0,0,0,0,0,0,0,0,0,6.99,0,0,0,0,0,33.16,0,10.76,0,0,0,8.06,0,0,0,19.5,0,0,0,0,0,0,0,0,0,0,0,0,0,106.2,0,0,82.98,337.3,0,128.78,133.19,14.19,143.49,0,0,0,0,0,0,0,0,0,22.92,15.35,19.49,0,0,0,0,0,256.34,0,0,0,0,0,0,314.32,0,0,0,0,0,0,0,0,0,0,0,0,10.21,0,0,0,35.13,0,0,0,0
OM9,Grey-backed storm petrel,Garrodia nereis,Procellariiformes,Adult,Mangere,6,Wild/unknown,55283513,0,19.57,19.98,0,0,0,0,0,0,0,0,0,0,0,0,0,0,0,0,0,0,0,0,0,0,0,0,0,0,0,0,0,0,0,126.18,0,0,0,0,0,0,0,0,30.09,0,0,0,0,1017.09,0,0,0,0,0,0,0,0,0,0,14.46,0,12.88,0,5.13,11.31,0,0,0,5,0,0,131.05,0,0,0,0,0,0,0,0,0,0,0,0,0,0,0,0,0,0,0,4.36,0,0,0,0,0,0,0,0,0,0,6.08,0,0,0,0,0,0,0,0,0,0,0,0,0,0,0,0,0,0,0,0,0,0,0,0,0,0,0,0,0,0,0,0,0,0,0,0,0,0,0,0,0,0,0,0,0,0,0,0,5.81,0,0,0,0,0,0,0,0,0,0,0,0,0,0,0,0,0,0,0,0,5.2,0,0,0,0,0,0,0,0,0,0,0,0,0,0,0,0,0,0,0,0,0,0,0,0,0,0,0,0,0,0,0,0,0,0,11.34,0,0,0,0,0,0,0,0,0,0,0,0,0,0,0,4.25,0,0,0,0,0,0,0,0,0,0,0,0,0,0,0,0,0,0,0,0,0,0,0,0,0,0,0,0,86.65,0,0,0,0,0,0,0,0,5.52,0,0,0,0,8.9,0,0,0,0,0,0,0,0,0,0,8.09,0,0,0,0,0,0,0,10.49,0,0,0,0,0,0,0,0,0,0,0,0,0,0,0,0,0,0,0,0,0,0,30.52,0,3276.31,0,0,0,0,207.91,0,41.95,21.08,0,0,0,0,0,0,0,0,0,0,0,0,227.51,0,0,0,0,0,0,0,0,0,0,0,0,0,0,0,0,0,0,0,0,0,0,0,632.22,0,0,129.27,0,0,0,0,0,0,11.13,0,0,0,341.69,0,0,0,0,0,71.21,0,0,0,0,0,0,6.01,0,0,0,0,6.68,0,0,0,7.12,0,0,0,0,0,0,0,0,0,0,0,0,0,0,21.42,0,0,0,0,0,0,0,0,0,0,0,0,0,0,84.62,0,0,0,0,0,0,0,0,0,0,0,0,0,0,0,4.07,14.37,0,452.18,223.08,0,0,0,0,0,0,27.35,0,0,0,0,0,0,0,0,0,0,0,0,0,0,0,0,0,0,0,0,0,5.32,0,7.92,0,0,0,0,0,0,0,0,0,0,0,0,6.17,0,0,0,70.37,6.05,0,0,0,0,0,11.17,0,0,0,37.45,0,0,0,8.9,0,0,0,0,0,0,0,12.91,0,0,0,0,39.52,0,0,0,0,0,50.34,0,0,0,11.08,0,0,0,23.56,0,0,0,0,0,0,0,0,0,18593.29,0,0,0,0,0,0,0,0,0,0,0,0,0,0,10.92,0,0,0,0,12.06,0,33153.91,0,0,0,0,0,0,0,0,167.39,0,0,0,0,0,0,0,0,4.33,0,0,0,0,34.77,0,0,0,0,258.12,0,12.33,0,0,8.48,0,0,4.73,6.57,0,0,0,0,0,0,0,0,0,0,0,0,0,10.55,0,0,0,0,0,0,0,0,0,14.91,0,0,0,0,0,0,0,0,5.89,0,0,0,0,0,0,0,0,0,0,0,124.89,0,0,0,0,0,0,0,0,0,0,0,0,0,0,0,0,0,0,0,0,0,0,0,0,0,0,0,0,0,0,0,0,0,8.74,0,0,0,0,0,0,0,0,0,0,0,0,0,0,0,0,0,0,0,0,0,9.43,0,0,0,0,0,0,0,0,0,0,2475.74,0,0,0,0,0,0,0,0,0,0,0,16.61,0,7.02,0,0,0,490.82,13.38,2006.88,0,7.36,0,0,0,0,0,0,0,9.6,0,39.31,0,0,47.96,0,0,0,0,0,37.36,9.97,12.08,0,0,0,0,0,20.84,0,0,0,0,0,0,0,0,0,0,0,0,0,0,0,0,0,4.36,0,0,7.26,0,0,0,0,3.48,0,0,0,0,0,0,0,0,0,0,0,0,0,0,0,0,0,0,0,0,0,0,0,0,0,0,0,0,0,0,0,0,0,0,0,0,0,0,0,0,0,0,0,0,0,0,0,0,0,0,0,0,0,0,0,0,0,0,0,0,0,0,0,4.72,0,0,0,0,0,0,0,0,0,0,0,0,0,0,0,0,0,27.52,0,0,247.05,0,0,0,635.82,0,0,0,0,0,0,0,0,0,0,0,0,0,0,0,0,0,0,0,0,0
OR1,Sooty shearwater ,Ardenna grisea,Procellariiformes,Adult,Rangatira,10,Wild/unknown,64910496,0,0,0,0,0,0,0,0,0,0,0,0,0,0,0,0,0,0,0,0,0,0,0,0,0,0,0,0,0,7.01,0,0,0,0,9.56,0,0,0,0,0,0,0,0,0,0,0,0,0,24.83,0,0,0,0,0,0,0,0,0,0,0,0,0,0,0,0,0,0,0,0,0,0,0,0,0,0,0,0,0,0,0,0,0,0,0,0,0,0,0,0,0,0,0,0,0,11.51,0,0,0,0,0,0,0,0,0,0,0,0,0,0,0,0,0,0,0,0,0,0,0,0,0,0,0,0,0,0,0,0,0,0,0,0,0,0,0,0,0,0,0,0,0,0,0,0,0,0,0,0,0,0,0,0,0,0,0,0,0,0,0,0,40.73,0,0,0,0,0,0,0,0,0,0,0,0,0,0,0,0,0,0,0,0,0,0,0,0,0,0,0,0,0,0,0,0,0,0,0,0,0,0,0,0,0,0,0,0,0,0,0,0,0,0,0,0,0,0,0,0,0,0,0,0,0,0,0,0,0,0,0,0,0,0,0,0,0,0,0,0,0,0,0,0,0,0,0,0,0,0,15.14,0,0,0,0,0,0,0,0,0,0,0,0,0,0,0,0,0,0,0,0,0,0,0,0,0,0,0,0,0,0,0,0,0,0,0,0,0,0,0,0,0,0,0,0,0,0,0,0,0,0,0,0,0,0,0,0,0,0,0,0,0,0,0,0,0,0,0,0,0,0,0,0,0,0,0,0,0,0,0,0,0,0,0,0,0,0,0,0,0,0,0,0,0,0,0,0,0,0,0,0,0,0,0,0,0,0,0,0,0,0,0,0,0,0,0,0,0,0,0,0,0,0,0,0,0,0,0,0,0,0,0,0,0,0,0,0,0,0,0,0,0,0,0,0,0,0,0,0,0,0,0,0,0,0,0,0,0,0,0,0,0,0,0,0,0,0,0,0,0,0,0,0,0,0,0,0,0,0,0,0,0,0,0,0,0,0,0,0,0,0,0,0,0,27.94,0,0,0,0,0,0,0,0,0,0,0,0,0,0,0,0,0,0,0,0,0,0,0,0,0,0,0,0,0,0,0,0,0,0,14.3,0,0,0,0,0,0,0,0,0,0,0,0,0,0,0,0,406.3,0,0,0,0,0,0,0,0,0,0,0,0,0,0,0,0,0,8.62,0,0,0,0,0,0,0,4.59,0,0,0,0,0,0,0,0,9.24,0,0,0,0,0,0,0,0,0,0,0,0,0,0,0,0,0,0,0,0,0,0,0,0,0,0,0,0,0,0,0,0,0,0,0,0,0,0,0,0,0,0,0,0,0,0,0,0,0,0,0,0,0,0,0,0,0,0,0,0,0,0,0,0,0,0,0,0,0,0,0,0,0,0,0,0,0,0,0,0,0,0,0,0,0,0,0,0,0,0,0,0,0,0,0,0,0,0,0,0,0,0,0,0,0,0,0,0,0,0,0,0,0,0,0,0,0,0,0,0,0,0,0,0,0,0,0,0,0,0,0,0,0,0,0,0,0,0,0,0,0,0,0,0,0,0,0,0,0,0,0,0,0,0,0,0,0,0,0,0,0,0,0,0,0,0,0,0,0,0,0,0,0,0,0,0,0,0,0,0,0,0,0,0,0,0,0,0,0,0,0,0,0,0,0,0,0,0,0,0,0,0,0,0,42.1,0,0,0,0,0,0,0,0,0,0,0,0,0,0,0,0,0,0,0,0,0,0,0,0,0,0,12.04,0,0,0,0,0,0,0,0,0,0,0,0,0,0,0,0,0,0,25.86,0,21.37,0,7.1,0,0,0,0,0,0,0,0,0,0,0,0,0,0,0,0,0,0,0,0,0,0,0,0,0,0,0,0,0,0,0,0,0,0,0,0,0,0,0,0,0,0,0,0,0,0,0,0,0,0,0,0,0,0,0,0,0,0,0,0,0,0,0,0,0,0,8.47,0,0,0,0,0,0,0,0,0,0,0,0,0,0,0,0,0,0,0,4.25,0,0,0,0,0,0,0,0,0,0,0,0,0,0,0,0,0,0,0,0,0,0,0,0,0,0,8.49,0
OR2,Broad-billed prion,Pachyptila vittata,Procellariiformes,Adult,Rangatira,9,Wild/unknown,65605588,0,0,0,0,0,0,0,0,0,0,0,0,0,0,0,0,0,0,0,0,0,0,0,0,0,0,0,0,0,0,0,0,0,0,0,0,0,0,0,0,0,0,0,7.69,0,0,0,0,138.08,0,0,0,0,5.76,0,0,0,0,0,0,0,0,0,0,0,0,0,0,0,0,0,0,0,0,0,0,0,0,0,0,0,0,0,0,0,0,0,0,0,0,0,0,0,0,4.79,0,0,0,0,0,0,0,0,0,0,61.37,0,0,0,0,0,0,0,0,0,0,0,0,0,0,0,0,0,0,0,24.78,0,0,0,0,0,0,0,0,0,0,0,0,0,0,0,0,0,0,0,0,0,0,0,0,23.35,0,0,0,0,0,0,0,0,0,0,0,0,0,0,0,0,0,0,0,0,0,0,0,0,0,0,0,0,0,0,0,0,0,0,0,7.24,0,0,0,0,0,13.03,0,0,0,0,0,0,0,0,21.89,0,0,0,0,0,0,0,0,0,0,0,0,0,0,0,0,0,0,0,0,0,0,0,0,0,0,0,0,0,0,0,0,0,0,0,0,0,0,0,0,0,0,0,0,11.6,0,0,0,0,0,0,0,0,0,0,0,0,0,0,0,0,0,0,0,0,0,0,0,0,0,0,0,0,0,0,0,0,0,0,0,0,0,0,0,0,0,0,0,0,0,0,0,0,0,0,0,0,0,0,0,0,0,0,0,0,0,0,0,110.91,0,0,0,0,0,0,0,0,0,0,0,0,0,0,0,0,0,0,0,0,0,0,0,0,0,0,0,0,0,0,0,0,0,0,0,0,0,0,0,0,0,0,0,0,7.98,0,0,0,0,0,0,0,0,0,0,0,0,0,0,0,0,0,0,0,0,0,0,0,0,0,0,0,0,0,0,0,0,0,0,0,0,0,0,0,0,0,0,0,0,0,0,0,0,0,0,0,0,0,0,0,0,0,0,0,0,0,0,0,0,0,0,0,0,0,0,0,0,0,0,0,0,0,0,0,0,0,0,0,0,0,0,0,0,0,0,0,0,10.9,0,0,0,0,0,0,0,0,0,0,0,0,0,0,0,0,0,0,0,0,0,0,0,0,0,0,0,0,0,0,0,0,0,0,0,0,0,0,0,0,0,0,0,0,0,0,0,0,0,0,0,0,0,0,0,0,0,0,0,0,0,0,0,0,0,0,0,0,0,0,0,0,0,0,0,0,0,0,0,0,0,0,0,0,0,0,0,0,0,0,0,0,0,0,0,0,0,0,0,0,0,0,0,0,0,0,0,0,0,0,0,0,0,0,0,0,0,0,0,0,0,0,0,33.21,0,0,0,0,0,0,0,0,0,0,0,0,0,0,0,0,0,0,0,0,0,0,0,0,0,0,0,0,0,0,0,0,0,0,0,0,0,0,0,0,0,0,0,0,0,0,0,0,0,0,0,0,0,0,0,0,0,0,0,0,0,0,0,0,0,0,0,0,0,0,0,0,0,0,0,0,0,0,0,0,0,0,0,0,0,0,0,0,0,0,0,0,0,0,0,0,0,0,0,0,0,0,0,0,0,0,0,0,0,0,0,0,0,0,0,0,0,0,0,0,0,0,0,0,0,0,0,0,0,0,0,0,0,0,0,0,0,0,0,0,0,0,0,0,0,0,0,0,0,0,0,0,0,0,0,0,0,0,0,55.32,0,0,0,0,0,0,0,0,0,0,0,0,0,0,0,0,0,0,0,0,0,0,0,0,0,0,6.82,0,0,0,0,0,0,0,0,0,0,0,0,0,0,0,0,0,0,4.92,0,0,0,15,0,0,0,0,0,0,0,0,0,0,0,0,0,0,0,0,0,0,0,7.28,0,0,0,0,0,0,0,0,0,0,0,0,0,0,0,0,0,0,0,0,0,0,0,0,0,0,0,0,0,0,0,0,0,0,0,0,0,0,0,0,0,0,0,0,0,0,0,0,0,0,0,0,0,0,0,0,0,0,0,0,0,0,0,0,0,0,0,0,0,0,0,0,0,0,0,6.12,0,0,0,0,0,0,0,0,0,0,0,0,0,0,0,0,0,0,0
OR3,Broad-billed prion,Pachyptila vittata,Procellariiformes,Adult,Rangatira,9,Wild/unknown,64653735,0,0,0,0,0,0,14.28,0,0,0,8.97,11.38,0,0,0,0,0,0,43.34,0,0,0,0,0,0,13.5,0,15.68,0,0,0,0,0,0,470.79,0,0,0,0,0,0,0,0,204.56,0,0,0,0,24.98,0,0,5.54,0,0,0,0,15.91,0,0,0,0,17.62,6.48,0,264.85,0,0,0,0,0,15.1,0,0,0,0,0,0,0,18.24,0,0,0,0,0,0,0,0,17.28,0,0,0,15.82,0,0,0,0,0,0,0,0,0,0,31.79,0,0,0,0,0,0,0,0,0,0,0,0,0,0,0,0,0,0,0,0,0,0,0,0,0,0,0,0,0,0,0,0,0,0,0,0,0,0,0,0,0,0,0,0,0,0,0,0,0,0,0,0,0,0,0,0,4.71,0,0,0,0,0,0,0,0,0,0,0,0,0,0,0,0,0,0,0,0,0,0,0,0,0,0,11.97,31.77,0,0,0,0,0,0,0,0,0,0,0,0,0,42.79,0,0,0,0,10.29,0,0,0,0,0,0,0,0,14.48,0,0,0,0,0,0,0,31.51,0,14.01,0,0,0,0,0,0,0,0,0,0,0,0,0,0,41.61,0,67.08,0,0,0,401.87,0,0,15.67,0,0,127.55,0,15.44,0,0,0,0,0,0,0,0,0,0,0,0,0,0,0,30.46,0,0,73.95,0,0,0,0,0,88.92,0,0,0,0,0,0,0,0,0,0,0,0,0,0,0,0,0,0,0,0,0,0,0,0,0,0,0,0,0,0,0,0,0,0,0,0,0,0,0,0,0,0,0,0,0,0,0,0,0,0,42.82,0,67.86,0,0,0,0,0,21.77,55.89,0,0,0,16.71,0,0,0,0,0,0,0,0,0,0,0,128.65,0,0,0,0,0,0,0,0,0,0,0,0,0,0,0,0,0,0,0,0,51.1,0,0,11.16,0,0,0,0,0,0,0,0,11.31,0,0,9.13,10.06,0,0,0,0,0,0,0,0,0,0,0,0,0,28.61,57.44,0,0,0,0,0,0,0,0,0,0,0,0,0,0,0,0,0,0,0,0,0,10.8,0,0,0,0,0,191.79,0,0,0,0,1263.01,327.41,0,0,0,0,0,0,230.25,181.92,21.44,0,0,0,0,19.35,0,0,0,0,0,0,0,0,0,0,0,0,0,0,0,0,0,0,0,0,0,0,0,0,0,0,37.85,0,0,0,0,0,90.18,0,0,0,0,0,0,0,0,0,0,0,0,0,26.91,0,0,0,0,0,0,0,0,0,0,0,13.03,0,85.47,0,0,0,0,0,0,0,0,0,0,0,0,0,0,0,0,0,6.85,0,0,0,0,16.53,17.11,0,0,14.38,0,0,0,0,0,0,0,0,0,32.38,0,0,0,0,0,0,0,0,0,318.14,0,0,0,0,0,0,0,77.03,0,0,0,0,0,0,0,0,0,0,42.21,0,0,0,0,0,0,0,0,50.99,0,0,0,0,128.85,0,0,0,0,0,0,0,0,0,0,0,0,0,0,0,0,0,0,0,0,0,0,24.17,0,0,0,0,0,0,0,0,0,0,0,0,41.99,0,0,0,0,0,0,0,0,0,10.36,0,0,0,0,0,0,34.43,0,46.44,12.01,0,0,0,0,0,0,0,0,0,0,0,0,0,31.91,0,0,0,0,0,0,0,0,0,0,0,49.01,0,0,0,0,0,0,18.99,0,0,0,0,0,0,0,0,0,0,0,0,0,0,0,0,0,0,0,0,0,0,0,0,0,0,0,0,0,0,0,0,0,0,0,0,0,0,0,0,0,56.64,0,0,0,0,6161.57,0,14.96,17.84,0,0,0,0,0,0,0,0,0,0,0,0,0,0,0,0,0,19.27,0,22.59,12.66,0,0,42.11,18.93,0,0,0,0,0,0,7.65,0,0,0,0,0,0,0,0,0,0,59.07,0,0,0,370.99,0,0,45.51,0,8.08,0,0,0,0,0,49.76,0,0,0,0,0,0,0,35.37,0,0,0,0,0,0,0,0,0,0,0,0,0,0,0,19.91,0,16.06,0,0,0,0,0,0,0,0,0,0,0,0,0,0,0,0,0,14.89,0,0,0,0,0,10.26,0,0,0,0,0,20.72,0,0,0,0,0,0,0,0,0,0,0,16.93,0,0,0,0,0,0,0,0,0,0,0,0,0,0,60.11,0,0,0,0,0,0,0,0,0,0,0,0,0,0,0,0,19.89,0,0,0,0
SP1,Shore plover,Thinornis novaeseelandiae,Charadriiformes,Adult,Rangatira,16,Wild/unknown,71824685,0,0,0,0,0,0,0,0,0,0,0,0,0,0,0,0,0,0,0,0,0,0,0,0,0,0,0,0,0,0,0,0,0,0,0,0,0,0,0,0,0,0,0,7.96,0,0,0,0,9.03,0,0,0,0,0,0,0,0,0,0,0,0,0,0,0,0,0,0,0,0,0,0,0,0,0,0,0,0,0,0,0,0,0,0,0,0,0,0,0,0,0,0,0,0,317.95,0,0,0,0,0,0,0,0,0,7.46,0,145.63,0,21.54,0,0,0,0,0,0,0,0,0,0,0,897.86,0,35.31,0,0,0,0,0,9.29,0,27.28,0,0,0,0,0,0,0,5.39,0,0,60.91,281.73,0,0,0,0,0,0,0,0,0,0,0,463.12,0,0,0,0,0,0,0,0,0,36.17,0,0,0,0,0,0,0,0,0,0,0,0,0,0,0,0,0,0,0,0,0,0,0,0,0,0,0,0,0,0,0,0,4.9,0,0,0,0,0,0,0,259.94,0,0,0,0,0,0,0,0,0,4.74,0,0,0,0,0,1729.48,1861.96,0,0,0,0,0,0,0,0,0,0,0,0,0,0,0,0,0,0,0,0,0,0,0,0,0,0,0,0,0,0,0,0,0,0,0,0,0,0,0,0,0,0,0,0,0,0,0,0,0,0,0,0,0,0,0,0,0,0,0,0,0,0,0,0,0,0,0,0,0,0,0,0,0,58.91,0,0,0,0,0,0,0,0,0,0,0,0,0,0,0,0,0,0,0,25.85,0,0,0,0,0,0,0,0,0,0,0,0,0,0,0,0,0,0,0,0,0,0,0,0,0,0,0,0,1772.36,0,104.67,409.31,0,0,0,0,0,0,0,0,0,0,0,0,0,0,0,0,0,0,0,0,0,0,0,0,0,0,0,0,0,0,0,0,0,0,0,0,0,0,0,0,0,0,0,0,0,0,0,0,0,0,0,0,0,0,0,0,0,0,0,0,0,0,0,0,0,0,0,0,0,0,0,0,0,0,0,0,0,0,0,0,0,0,0,0,0,0,0,0,0,0,0,0,0,0,0,0,0,0,0,0,0,0,0,0,0,0,0,0,0,0,0,0,0,0,0,0,0,0,0,0,0,0,0,0,0,0,0,0,0,0,0,0,0,0,0,0,0,0,0,0,0,0,0,0,0,0,0,0,0,0,0,0,0,0,0,0,0,0,0,0,0,0,0,0,0,0,0,0,0,0,0,0,0,0,0,0,0,0,0,0,0,0,0,0,0,0,0,0,0,0,0,0,0,0,0,0,0,0,0,0,0,0,0,0,0,0,0,0,0,0,0,0,0,0,0,0,0,0,0,0,0,0,0,0,0,0,0,0,0,0,0,0,0,0,0,0,0,0,0,0,0,0,0,0,0,0,0,0,0,0,0,0,0,0,0,0,0,0,0,0,0,0,0,0,0,0,0,0,0,0,0,0,0,0,0,0,0,0,0,0,0,0,0,0,0,0,0,0,0,0,0,0,0,0,0,0,0,0,0,0,0,0,0,0,0,0,0,0,0,0,0,0,0,0,0,0,0,0,0,0,0,0,0,0,0,0,0,0,0,0,0,0,0,0,0,0,0,0,0,0,0,0,0,0,0,0,0,0,0,0,0,0,0,0,0,0,0,0,0,0,0,0,0,0,0,0,0,0,0,0,0,0,0,0,0,0,0,0,0,0,0,0,0,0,60.71,0,0,0,0,0,0,0,0,0,0,0,0,0,0,0,0,0,0,0,0,0,0,0,0,0,0,0,0,0,0,0,0,0,0,0,0,0,0,0,0,0,0,0,0,0,0,0,0,0,0,0,0,0,0,0,0,0,0,0,0,0,0,0,0,0,0,0,0,0,0,0,0,11.92,0,0,0,0,0,0,0,21.11,0,8.14,0,0,0,0,0,0,0,0,0,0,0,0,0,0,0,0,0,0,0,0,0,0,0,0,0,0,0,0,0,0,0,0,0,0,0,0,0,0,0,0,0,0,0,0,0,0,0,0,0,0,0,0,0,0,0,0,0,137.76,0,0,0,0,0,0,0,0,0,0,168.45,0,0,0,0,0,0,0,0,0,0,0,0,0